Date,Close,Avg30,Avg200
2003-01-02,25.440,24.317,30.659
2003-01-03,25.940,24.450,30.665
2003-01-06,27.980,24.592,30.679
2003-01-07,27.840,24.690,30.707
2003-01-08,26.770,24.749,30.729
2003-01-09,27.300,24.828,30.749
2003-01-10,27.090,24.924,30.784
2003-01-13,27.280,24.994,30.798
2003-01-14,27.590,25.075,30.805
2003-01-15,27.080,25.137,30.805
2003-01-16,26.780,25.209,30.798
2003-01-17,26.190,25.259,30.786
2003-01-21,25.420,25.319,30.763
2003-01-22,24.700,25.328,30.736
2003-01-23,25.130,25.390,30.708
2003-01-24,23.810,25.379,30.677
2003-01-27,23.290,25.352,30.637
2003-01-28,23.510,25.331,30.593
2003-01-29,23.500,25.327,30.548
2003-01-30,23.040,25.268,30.508
2003-01-31,23.340,25.212,30.469
2003-02-03,23.580,25.198,30.430
2003-02-04,23.050,25.189,30.375
2003-02-05,22.940,25.125,30.326
2003-02-06,22.310,25.045,30.280
2003-02-07,21.980,24.971,30.226
2003-02-10,22.100,24.892,30.170
2003-02-11,22.000,24.832,30.115
2003-02-12,21.510,24.750,30.056
2003-02-13,21.290,24.659,29.989
2003-02-14,21.850,24.540,29.924
2003-02-18,22.500,24.425,29.859
2003-02-19,22.500,24.242,29.806
2003-02-20,22.690,24.071,29.756
2003-02-21,22.880,23.941,29.705
2003-02-24,22.300,23.774,29.652
2003-02-25,22.550,23.623,29.595
2003-02-26,22.340,23.458,29.538
2003-02-27,22.660,23.294,29.483
2003-02-28,22.680,23.147,29.423
2003-03-03,22.850,23.016,29.364
2003-03-04,22.400,22.890,29.303
2003-03-05,22.810,22.803,29.237
2003-03-06,22.000,22.713,29.167
2003-03-07,22.290,22.618,29.094
2003-03-10,21.440,22.539,29.015
2003-03-11,20.750,22.455,28.930
2003-03-12,20.750,22.363,28.841
2003-03-13,21.720,22.303,28.762
2003-03-14,21.260,22.244,28.681
2003-03-17,22.560,22.218,28.606
2003-03-18,22.810,22.192,28.530
2003-03-19,23.330,22.202,28.458
2003-03-20,23.530,22.221,28.390
2003-03-21,24.650,22.299,28.326
2003-03-24,23.630,22.354,28.262
2003-03-25,24.140,22.422,28.207
2003-03-26,24.170,22.495,28.149
2003-03-27,24.120,22.582,28.085
2003-03-28,24.450,22.687,28.035
2003-03-31,23.710,22.749,27.981
2003-04-01,24.230,22.807,27.924
2003-04-02,25.110,22.894,27.868
2003-04-03,24.940,22.969,27.815
2003-04-04,25.580,23.059,27.768
2003-04-07,25.640,23.170,27.724
2003-04-08,25.990,23.285,27.679
2003-04-09,25.730,23.398,27.633
2003-04-10,25.720,23.500,27.582
2003-04-11,25.590,23.597,27.527
2003-04-14,26.540,23.720,27.477
2003-04-15,26.870,23.869,27.422
2003-04-16,26.500,23.992,27.368
2003-04-17,27.310,24.169,27.319
2003-04-21,27.450,24.341,27.279
2003-04-22,28.680,24.582,27.250
2003-04-23,29.440,24.872,27.226
2003-04-24,28.560,25.132,27.202
2003-04-25,27.960,25.340,27.166
2003-04-28,28.810,25.592,27.134
2003-04-29,29.140,25.811,27.105
2003-04-30,29.350,26.029,27.078
2003-05-01,29.280,26.227,27.052
2003-05-02,29.860,26.438,27.026
2003-05-05,30.360,26.629,27.001
2003-05-06,30.710,26.865,26.977
2003-05-07,30.820,27.087,26.953
2003-05-08,29.960,27.280,26.925
2003-05-09,30.080,27.479,26.900
2003-05-12,30.940,27.695,26.879
2003-05-13,30.720,27.929,26.857
2003-05-14,30.490,28.138,26.836
2003-05-15,31.040,28.335,26.815
2003-05-16,31.250,28.546,26.791
2003-05-19,30.420,28.707,26.766
2003-05-20,30.430,28.867,26.738
2003-05-21,30.550,29.019,26.715
2003-05-22,30.490,29.177,26.691
2003-05-23,30.900,29.350,26.664
2003-05-27,32.050,29.565,26.643
2003-05-28,32.550,29.766,26.632
2003-05-29,32.270,29.946,26.623
2003-05-30,32.860,30.158,26.617
2003-06-02,33.920,30.378,26.624
2003-06-03,33.820,30.590,26.631
2003-06-04,34.690,30.791,26.656
2003-06-05,35.100,30.979,26.685
2003-06-06,35.130,31.198,26.716
2003-06-09,33.760,31.392,26.740
2003-06-10,34.080,31.567,26.765
2003-06-11,34.540,31.747,26.797
2003-06-12,34.700,31.926,26.825
2003-06-13,34.700,32.106,26.851
2003-06-16,35.950,32.309,26.886
2003-06-17,36.090,32.500,26.916
2003-06-18,35.070,32.646,26.941
2003-06-19,34.450,32.767,26.962
2003-06-20,34.800,32.928,26.978
2003-06-23,33.850,33.054,26.988
2003-06-24,34.300,33.166,27.004
2003-06-25,33.990,33.275,27.024
2003-06-26,34.400,33.405,27.048
2003-06-27,33.900,33.500,27.073
2003-06-30,34.180,33.598,27.091
2003-07-01,34.210,33.724,27.101
2003-07-02,34.370,33.856,27.103
2003-07-03,34.130,33.975,27.108
2003-07-07,35.070,34.128,27.123
2003-07-08,35.400,34.278,27.129
2003-07-09,35.660,34.398,27.132
2003-07-10,35.010,34.480,27.128
2003-07-11,35.760,34.596,27.128
2003-07-14,37.300,34.744,27.135
2003-07-15,37.290,34.857,27.142
2003-07-16,36.250,34.938,27.139
2003-07-17,35.040,34.949,27.132
2003-07-18,35.330,34.957,27.119
2003-07-21,34.430,34.934,27.105
2003-07-22,34.940,34.973,27.088
2003-07-23,34.860,34.999,27.066
2003-07-24,34.580,35.000,27.046
2003-07-25,35.470,35.026,27.030
2003-07-28,35.490,35.052,27.013
2003-07-29,35.240,35.029,26.994
2003-07-30,35.060,34.994,26.983
2003-07-31,35.050,34.994,26.976
2003-08-01,33.360,34.957,26.962
2003-08-04,33.730,34.922,27.039
2003-08-05,32.760,34.885,27.109
2003-08-06,32.990,34.842,27.179
2003-08-07,32.850,34.804,27.242
2003-08-08,32.990,34.757,27.307
2003-08-11,33.220,34.734,27.374
2003-08-12,33.640,34.716,27.444
2003-08-13,33.430,34.690,27.509
2003-08-14,33.900,34.674,27.572
2003-08-15,33.660,34.659,27.638
2003-08-18,34.050,34.625,27.703
2003-08-19,34.190,34.584,27.771
2003-08-20,34.830,34.557,27.837
2003-08-21,34.600,34.543,27.900
2003-08-22,33.920,34.482,27.957
2003-08-25,33.740,34.363,28.016
2003-08-26,33.380,34.233,28.080
2003-08-27,33.260,34.133,28.145
2003-08-28,33.910,34.095,28.212
2003-08-29,34.220,34.058,28.281
2003-09-02,34.700,34.067,28.350
2003-09-03,34.860,34.065,28.414
2003-09-04,34.680,34.059,28.477
2003-09-05,34.190,34.046,28.539
2003-09-08,34.650,34.018,28.602
2003-09-09,34.260,33.977,28.655
2003-09-10,33.380,33.915,28.697
2003-09-11,33.680,33.869,28.741
2003-09-12,34.000,33.834,28.786
2003-09-15,33.970,33.855,28.835
2003-09-16,34.600,33.884,28.882
2003-09-17,34.660,33.947,28.930
2003-09-18,35.740,34.039,28.982
2003-09-19,35.490,34.127,29.037
2003-09-22,34.990,34.193,29.088
2003-09-23,35.450,34.268,29.147
2003-09-24,34.870,34.309,29.199
2003-09-25,34.480,34.344,29.255
2003-09-26,34.190,34.353,29.306
2003-09-29,34.650,34.386,29.358
2003-09-30,34.330,34.396,29.409
2003-10-01,35.380,34.435,29.468
2003-10-02,35.020,34.442,29.519
2003-10-03,35.170,34.461,29.570
2003-10-06,35.550,34.515,29.628
2003-10-07,36.090,34.593,29.692
2003-10-08,35.610,34.668,29.745
2003-10-09,35.700,34.749,29.800
2003-10-10,35.520,34.803,29.857
2003-10-13,36.440,34.877,29.917
2003-10-14,36.780,34.946,29.982
2003-10-15,36.600,35.004,30.045
2003-10-16,36.840,35.076,30.109
2003-10-17,36.340,35.148,30.163
2003-10-20,36.600,35.213,30.217
2003-10-21,36.670,35.293,30.260
2003-10-22,34.980,35.346,30.296
2003-10-23,35.000,35.390,30.337
2003-10-24,34.770,35.416,30.374
2003-10-27,34.950,35.449,30.414
2003-10-28,35.550,35.480,30.455
2003-10-29,35.930,35.523,30.497
2003-10-30,35.840,35.526,30.541
2003-10-31,35.900,35.540,30.586
2003-11-03,36.710,35.597,30.639
2003-11-04,36.600,35.635,30.695
2003-11-05,36.530,35.691,30.754
2003-11-06,36.310,35.752,30.810
2003-11-07,36.040,35.813,30.871
2003-11-10,35.890,35.855,30.934
2003-11-11,36.040,35.912,30.996
2003-11-12,35.890,35.929,31.058
2003-11-13,35.860,35.957,31.123
2003-11-14,35.460,35.966,31.183
2003-11-17,35.410,35.962,31.242
2003-11-18,34.890,35.922,31.301
2003-11-19,34.760,35.893,31.361
2003-11-20,34.630,35.858,31.422
2003-11-21,35.000,35.840,31.487
2003-11-24,35.270,35.801,31.553
2003-11-25,35.530,35.760,31.621
2003-11-26,35.510,35.723,31.691
2003-11-28,35.400,35.675,31.761
2003-12-01,35.660,35.653,31.830
2003-12-02,35.810,35.626,31.897
2003-12-03,35.800,35.597,31.963
2003-12-04,35.390,35.611,32.027
2003-12-05,34.960,35.610,32.087
2003-12-08,35.460,35.633,32.153
2003-12-09,34.830,35.629,32.215
2003-12-10,34.670,35.599,32.276
2003-12-11,34.980,35.568,32.338
2003-12-12,35.090,35.543,32.400
2003-12-15,35.260,35.521,32.462
2003-12-16,35.720,35.488,32.528
2003-12-17,35.660,35.457,32.593
2003-12-18,35.650,35.428,32.661
2003-12-19,35.780,35.410,32.728
2003-12-22,36.100,35.412,32.802
2003-12-23,36.170,35.421,32.879
2003-12-24,36.130,35.424,32.956
2003-12-26,36.220,35.435,33.028
2003-12-29,36.530,35.458,33.105
2003-12-30,36.600,35.496,33.175
2003-12-31,36.730,35.540,33.244
2004-01-02,36.620,35.597,33.311
2004-01-05,36.550,35.657,33.376
2004-01-06,37.470,35.752,33.440
2004-01-07,38.020,35.852,33.512
2004-01-08,38.670,35.966,33.585
2004-01-09,38.760,36.073,33.658
2004-01-12,38.790,36.183,33.731
2004-01-13,38.900,36.299,33.803
2004-01-14,39.220,36.418,33.881
2004-01-15,38.920,36.522,33.954
2004-01-16,39.270,36.637,34.025
2004-01-20,39.090,36.761,34.096
2004-01-21,40.100,36.932,34.168
2004-01-22,39.940,37.081,34.240
2004-01-23,39.600,37.240,34.308
2004-01-26,40.260,37.427,34.380
2004-01-27,40.030,37.595,34.452
2004-01-28,39.120,37.729,34.520
2004-01-29,39.050,37.856,34.582
2004-01-30,38.890,37.961,34.642
2004-02-02,39.010,38.073,34.705
2004-02-03,39.130,38.189,34.764
2004-02-04,38.920,38.294,34.821
2004-02-05,38.960,38.389,34.873
2004-02-06,39.730,38.508,34.924
2004-02-09,39.510,38.620,34.979
2004-02-10,39.480,38.729,35.037
2004-02-11,40.270,38.854,35.094
2004-02-12,40.360,38.979,35.150
2004-02-13,40.160,39.093,35.204
2004-02-17,40.660,39.228,35.261
2004-02-18,40.480,39.359,35.314
2004-02-19,40.820,39.471,35.366
2004-02-20,40.570,39.556,35.416
2004-02-23,40.310,39.610,35.463
2004-02-24,40.200,39.658,35.514
2004-02-25,40.350,39.710,35.566
2004-02-26,40.560,39.766,35.614
2004-02-27,41.020,39.826,35.665
2004-03-01,41.530,39.913,35.720
2004-03-02,41.670,39.993,35.774
2004-03-03,42.100,40.093,35.828
2004-03-04,42.600,40.176,35.889
2004-03-05,43.010,40.279,35.952
2004-03-08,42.940,40.390,36.014
2004-03-09,42.470,40.464,36.073
2004-03-10,42.030,40.530,36.129
2004-03-11,41.310,40.603,36.175
2004-03-12,41.520,40.686,36.220
2004-03-15,40.930,40.754,36.264
2004-03-16,41.330,40.831,36.306
2004-03-17,42.280,40.936,36.348
2004-03-18,42.020,41.039,36.389
2004-03-19,41.330,41.118,36.422
2004-03-22,40.800,41.154,36.450
2004-03-23,40.980,41.203,36.480
2004-03-24,40.740,41.245,36.515
2004-03-25,41.500,41.286,36.552
2004-03-26,41.250,41.316,36.585
2004-03-29,42.060,41.379,36.622
2004-03-30,41.980,41.423,36.658
2004-03-31,41.950,41.472,36.688
2004-04-01,42.260,41.520,36.719
2004-04-02,41.530,41.552,36.752
2004-04-05,41.750,41.600,36.788
2004-04-06,41.500,41.643,36.822
2004-04-07,41.370,41.677,36.859
2004-04-08,41.150,41.697,36.893
2004-04-12,41.560,41.715,36.931
2004-04-13,40.040,41.665,36.959
2004-04-14,39.270,41.585,36.986
2004-04-15,38.770,41.474,37.009
2004-04-16,39.260,41.363,37.034
2004-04-19,39.360,41.241,37.059
2004-04-20,38.540,41.095,37.081
2004-04-21,37.680,40.935,37.095
2004-04-22,38.380,40.813,37.109
2004-04-23,38.300,40.713,37.123
2004-04-26,38.550,40.614,37.140
2004-04-27,38.620,40.537,37.155
2004-04-28,37.930,40.424,37.158
2004-04-29,37.650,40.269,37.160
2004-04-30,37.600,40.122,37.166
2004-05-03,37.860,40.006,37.180
2004-05-04,38.310,39.923,37.195
2004-05-05,38.050,39.826,37.213
2004-05-06,37.600,39.721,37.227
2004-05-07,36.480,39.554,37.235
2004-05-10,35.410,39.359,37.239
2004-05-11,35.190,39.130,37.238
2004-05-12,35.770,38.923,37.239
2004-05-13,35.750,38.716,37.242
2004-05-14,35.660,38.496,37.245
2004-05-17,35.310,38.289,37.246
2004-05-18,35.570,38.083,37.257
2004-05-19,35.740,37.891,37.267
2004-05-20,35.910,37.709,37.283
2004-05-21,36.080,37.540,37.298
2004-05-24,36.080,37.357,37.314
2004-05-25,36.840,37.251,37.334
2004-05-26,36.830,37.169,37.352
2004-05-27,36.950,37.109,37.368
2004-05-28,36.840,37.028,37.385
2004-06-01,36.850,36.944,37.400
2004-06-02,37.300,36.903,37.418
2004-06-03,36.960,36.879,37.433
2004-06-04,37.280,36.842,37.448
2004-06-07,38.140,36.837,37.465
2004-06-08,38.060,36.821,37.482
2004-06-09,37.680,36.789,37.501
2004-06-10,37.800,36.785,37.521
2004-06-14,37.570,36.782,37.542
2004-06-15,37.250,36.771,37.562
2004-06-16,37.320,36.753,37.579
2004-06-17,37.320,36.720,37.595
2004-06-18,37.230,36.692,37.607
2004-06-21,37.000,36.672,37.618
2004-06-22,36.960,36.688,37.629
2004-06-23,37.620,36.762,37.646
2004-06-24,37.770,36.848,37.662
2004-06-25,37.990,36.922,37.681
2004-06-28,37.950,36.995,37.704
2004-06-29,38.290,37.083,37.727
2004-06-30,38.770,37.198,37.750
2004-07-01,38.170,37.285,37.771
2004-07-02,38.080,37.363,37.789
2004-07-06,37.250,37.408,37.802
2004-07-07,36.860,37.434,37.807
2004-07-08,36.750,37.456,37.814
2004-07-09,36.830,37.456,37.823
2004-07-12,36.900,37.458,37.830
2004-07-13,37.140,37.464,37.841
2004-07-14,36.450,37.451,37.851
2004-07-15,36.000,37.423,37.860
2004-07-16,35.870,37.375,37.866
2004-07-19,36.000,37.343,37.875
2004-07-20,36.400,37.314,37.880
2004-07-21,36.820,37.270,37.889
2004-07-22,36.780,37.227,37.897
2004-07-23,36.530,37.189,37.902
2004-07-26,36.470,37.145,37.904
2004-07-27,36.910,37.123,37.910
2004-07-28,37.070,37.117,37.917
2004-07-29,37.140,37.111,37.925
2004-07-30,37.330,37.111,37.930
2004-08-02,37.410,37.117,37.933
2004-08-03,37.070,37.119,37.935
2004-08-04,37.210,37.128,37.937
2004-08-05,36.280,37.083,37.937
2004-08-06,36.090,37.027,37.934
2004-08-09,36.070,36.963,37.931
2004-08-10,36.990,36.931,37.941
2004-08-11,36.900,36.885,37.951
2004-08-12,36.860,36.821,37.961
2004-08-13,36.870,36.778,37.971
2004-08-16,37.740,36.766,37.982
2004-08-17,37.930,36.789,37.992
2004-08-18,38.320,36.838,38.004
2004-08-19,38.000,36.879,38.015
2004-08-20,38.650,36.940,38.024
2004-08-23,38.550,36.995,38.034
2004-08-24,38.590,37.043,38.044
2004-08-25,39.440,37.143,38.060
2004-08-26,39.450,37.258,38.077
2004-08-27,39.720,37.386,38.096
2004-08-30,39.100,37.490,38.112
2004-08-31,39.580,37.596,38.130
2004-09-01,39.260,37.677,38.147
2004-09-02,39.860,37.780,38.169
2004-09-03,39.850,37.890,38.191
2004-09-07,39.870,38.004,38.216
2004-09-08,39.370,38.086,38.239
2004-09-09,39.740,38.175,38.265
2004-09-10,39.800,38.263,38.289
2004-09-13,39.160,38.324,38.308
2004-09-14,39.490,38.394,38.328
2004-09-15,39.080,38.461,38.346
2004-09-16,39.580,38.540,38.367
2004-09-17,39.650,38.652,38.387
2004-09-20,39.380,38.762,38.404
2004-09-21,40.100,38.896,38.426
2004-09-22,39.850,38.991,38.448
2004-09-23,39.460,39.077,38.471
2004-09-24,39.750,39.173,38.492
2004-09-27,39.130,39.248,38.514
2004-09-28,39.380,39.303,38.537
2004-09-29,39.680,39.361,38.561
2004-09-30,39.730,39.408,38.584
2004-10-01,40.340,39.486,38.609
2004-10-04,39.760,39.523,38.630
2004-10-05,39.460,39.554,38.649
2004-10-06,39.490,39.584,38.668
2004-10-07,39.530,39.587,38.687
2004-10-08,39.650,39.593,38.704
2004-10-11,39.380,39.582,38.720
2004-10-12,39.510,39.596,38.737
2004-10-13,39.240,39.584,38.752
2004-10-14,38.530,39.560,38.762
2004-10-15,38.740,39.523,38.773
2004-10-18,39.000,39.494,38.784
2004-10-19,37.980,39.431,38.791
2004-10-20,37.250,39.361,38.795
2004-10-21,37.700,39.293,38.796
2004-10-22,37.470,39.215,38.793
2004-10-25,37.020,39.144,38.785
2004-10-26,37.490,39.077,38.779
2004-10-27,38.020,39.042,38.775
2004-10-28,38.480,39.005,38.773
2004-10-29,38.600,38.970,38.769
2004-11-01,38.500,38.941,38.767
2004-11-02,38.550,38.889,38.764
2004-11-03,38.850,38.856,38.763
2004-11-04,39.640,38.862,38.760
2004-11-05,39.350,38.848,38.757
2004-11-08,39.280,38.853,38.756
2004-11-09,39.110,38.844,38.750
2004-11-10,38.950,38.820,38.745
2004-11-11,39.180,38.802,38.745
2004-11-12,39.170,38.763,38.745
2004-11-15,39.160,38.743,38.747
2004-11-16,38.470,38.710,38.744
2004-11-17,38.270,38.669,38.740
2004-11-18,37.820,38.612,38.734
2004-11-19,37.420,38.538,38.727
2004-11-22,37.550,38.477,38.716
2004-11-23,37.560,38.412,38.706
2004-11-24,37.700,38.360,38.697
2004-11-26,37.690,38.332,38.684
2004-11-29,37.310,38.285,38.669
2004-11-30,37.650,38.240,38.656
2004-12-01,38.280,38.250,38.644
2004-12-02,38.440,38.289,38.634
2004-12-03,38.060,38.301,38.620
2004-12-06,38.120,38.323,38.608
2004-12-07,37.810,38.349,38.596
2004-12-08,37.550,38.351,38.582
2004-12-09,37.690,38.340,38.569
2004-12-10,37.630,38.312,38.555
2004-12-13,38.250,38.300,38.541
2004-12-14,38.740,38.308,38.527
2004-12-15,39.030,38.324,38.514
2004-12-16,38.930,38.327,38.498
2004-12-17,38.520,38.290,38.477
2004-12-20,38.600,38.265,38.455
2004-12-21,39.070,38.258,38.436
2004-12-22,39.030,38.255,38.419
2004-12-23,39.160,38.262,38.404
2004-12-27,39.010,38.256,38.393
2004-12-28,39.210,38.258,38.381
2004-12-29,39.160,38.258,38.372
2004-12-30,39.080,38.278,38.361
2004-12-31,39.010,38.303,38.345
2005-01-03,39.150,38.347,38.330
2005-01-04,38.410,38.380,38.316
2005-01-05,38.490,38.411,38.304
2005-01-06,38.710,38.450,38.293
2005-01-07,38.400,38.473,38.281
2005-01-10,38.270,38.492,38.265
2005-01-11,37.900,38.512,38.248
2005-01-12,37.990,38.523,38.228
2005-01-13,37.770,38.506,38.207
2005-01-14,37.810,38.485,38.186
2005-01-18,38.400,38.497,38.167
2005-01-19,37.840,38.487,38.149
2005-01-20,37.250,38.469,38.126
2005-01-21,36.850,38.445,38.103
2005-01-24,36.880,38.418,38.080
2005-01-25,36.860,38.393,38.059
2005-01-26,36.830,38.345,38.035
2005-01-27,36.750,38.279,38.019
2005-01-28,37.000,38.211,38.007
2005-01-31,37.330,38.158,38.000
2005-02-01,37.500,38.124,37.991
2005-02-02,37.520,38.088,37.982
2005-02-03,37.390,38.032,37.976
2005-02-04,37.690,37.987,37.977
2005-02-07,37.970,37.948,37.974
2005-02-08,37.760,37.906,37.972
2005-02-09,37.500,37.849,37.967
2005-02-10,37.450,37.792,37.961
2005-02-11,37.480,37.739,37.958
2005-02-14,37.500,37.688,37.958
2005-02-15,37.550,37.635,37.957
2005-02-16,37.330,37.599,37.955
2005-02-17,36.780,37.542,37.947
2005-02-18,36.510,37.469,37.939
2005-02-22,35.930,37.386,37.931
2005-02-23,36.480,37.327,37.931
2005-02-24,36.680,37.286,37.937
2005-02-25,36.970,37.252,37.946
2005-02-28,36.550,37.211,37.950
2005-03-01,37.090,37.187,37.957
2005-03-02,36.990,37.140,37.964
2005-03-03,37.010,37.113,37.972
2005-03-04,37.510,37.121,37.982
2005-03-07,37.340,37.138,37.990
2005-03-08,36.940,37.140,37.995
2005-03-09,36.470,37.127,37.997
2005-03-10,36.360,37.111,37.998
2005-03-11,36.110,37.090,37.995
2005-03-14,36.450,37.071,37.993
2005-03-15,36.250,37.035,37.989
2005-03-16,36.250,36.994,37.986
2005-03-17,36.150,36.948,37.983
2005-03-18,36.010,36.902,37.976
2005-03-21,35.790,36.839,37.970
2005-03-22,35.060,36.742,37.959
2005-03-23,34.930,36.647,37.943
2005-03-24,34.930,36.562,37.928
2005-03-28,34.850,36.475,37.914
2005-03-29,34.580,36.378,37.897
2005-03-30,34.950,36.293,37.884
2005-03-31,34.600,36.195,37.871
2005-04-01,34.250,36.092,37.856
2005-04-04,33.770,35.992,37.838
2005-04-05,34.580,35.928,37.825
2005-04-06,34.680,35.886,37.813
2005-04-07,34.800,35.830,37.802
2005-04-08,34.500,35.757,37.787
2005-04-11,34.620,35.679,37.771
2005-04-12,35.040,35.629,37.756
2005-04-13,34.570,35.545,37.739
2005-04-14,34.190,35.451,37.719
2005-04-15,33.930,35.349,37.695
2005-04-18,34.640,35.253,37.677
2005-04-19,34.950,35.173,37.661
2005-04-20,34.760,35.101,37.649
2005-04-21,35.040,35.053,37.640
2005-04-22,34.870,35.003,37.630
2005-04-25,35.170,34.972,37.622
2005-04-26,35.080,34.926,37.613
2005-04-27,35.500,34.901,37.605
2005-04-28,35.020,34.860,37.598
2005-04-29,35.490,34.838,37.595
2005-05-02,35.570,34.824,37.594
2005-05-03,35.500,34.814,37.591
2005-05-04,36.100,34.849,37.590
2005-05-05,35.900,34.881,37.585
2005-05-06,35.610,34.904,37.579
2005-05-09,35.960,34.941,37.576
2005-05-10,35.140,34.959,37.570
2005-05-11,35.300,34.971,37.562
2005-05-12,34.830,34.979,37.550
2005-05-13,34.460,34.986,37.537
2005-05-16,34.740,35.018,37.524
2005-05-17,35.210,35.039,37.513
2005-05-18,36.050,35.085,37.508
2005-05-19,36.190,35.131,37.503
2005-05-20,36.060,35.183,37.502
2005-05-23,35.910,35.226,37.501
2005-05-24,35.890,35.254,37.500
2005-05-25,35.910,35.299,37.495
2005-05-26,35.940,35.357,37.490
2005-05-27,35.800,35.420,37.484
2005-05-31,35.750,35.457,37.479
2005-06-01,35.760,35.484,37.469
2005-06-02,35.740,35.516,37.458
2005-06-03,35.550,35.533,37.444
2005-06-06,35.510,35.555,37.432
2005-06-07,35.480,35.565,37.416
2005-06-08,35.670,35.585,37.401
2005-06-09,35.500,35.585,37.386
2005-06-10,35.430,35.598,37.366
2005-06-13,35.500,35.599,37.346
2005-06-14,35.600,35.600,37.326
2005-06-15,35.710,35.607,37.309
2005-06-16,35.900,35.600,37.290
2005-06-17,36.080,35.606,37.274
2005-06-20,36.050,35.621,37.255
2005-06-21,36.040,35.623,37.236
2005-06-22,36.260,35.661,37.218
2005-06-23,35.930,35.682,37.201
2005-06-24,35.570,35.706,37.180
2005-06-27,35.590,35.744,37.159
2005-06-28,35.920,35.783,37.143
2005-06-29,35.960,35.808,37.125
2005-06-30,35.320,35.784,37.106
2005-07-01,35.060,35.746,37.084
2005-07-05,34.970,35.710,37.060
2005-07-06,34.600,35.666,37.036
2005-07-07,34.460,35.619,37.008
2005-07-08,34.810,35.582,36.983
2005-07-11,34.960,35.549,36.961
2005-07-12,35.250,35.531,36.938
2005-07-13,35.490,35.522,36.920
2005-07-14,35.690,35.520,36.901
2005-07-15,35.860,35.524,36.882
2005-07-18,35.510,35.523,36.861
2005-07-19,35.210,35.513,36.836
2005-07-20,35.160,35.502,36.813
2005-07-21,35.400,35.493,36.792
2005-07-22,35.600,35.496,36.773
2005-07-25,35.440,35.497,36.752
2005-07-26,35.370,35.492,36.731
2005-07-27,35.350,35.484,36.711
2005-07-28,35.460,35.476,36.691
2005-07-29,35.140,35.450,36.670
2005-08-01,35.300,35.424,36.654
2005-08-02,35.550,35.408,36.638
2005-08-03,35.610,35.393,36.621
2005-08-04,35.460,35.367,36.608
2005-08-05,35.250,35.344,36.598
2005-08-08,34.990,35.325,36.585
2005-08-09,35.030,35.306,36.573
2005-08-10,34.800,35.269,36.562
2005-08-11,34.810,35.230,36.548
2005-08-12,34.310,35.197,36.530
2005-08-15,34.650,35.183,36.510
2005-08-16,34.580,35.170,36.490
2005-08-17,34.460,35.165,36.470
2005-08-18,34.660,35.172,36.451
2005-08-19,34.540,35.163,36.429
2005-08-22,34.510,35.148,36.404
2005-08-23,34.350,35.118,36.379
2005-08-24,33.850,35.063,36.351
2005-08-25,34.120,35.011,36.326
2005-08-26,33.650,34.937,36.300
2005-08-29,33.910,34.884,36.274
2005-08-30,33.580,34.830,36.246
2005-08-31,33.890,34.787,36.219
2005-09-01,34.060,34.743,36.197
2005-09-02,34.110,34.693,36.176
2005-09-06,34.570,34.664,36.160
2005-09-07,34.890,34.648,36.148
2005-09-08,34.640,34.624,36.133
2005-09-09,34.820,34.603,36.119
2005-09-12,34.570,34.584,36.104
2005-09-13,34.150,34.546,36.086
2005-09-14,34.240,34.502,36.071
2005-09-15,34.130,34.453,36.053
2005-09-16,34.990,34.437,36.037
2005-09-19,34.590,34.415,36.017
2005-09-20,34.530,34.400,36.000
2005-09-21,34.010,34.366,35.979
2005-09-22,34.250,34.347,35.961
2005-09-23,34.070,34.323,35.944
2005-09-26,33.920,34.310,35.925
2005-09-27,33.880,34.284,35.906
2005-09-28,33.920,34.262,35.885
2005-09-29,34.350,34.258,35.863
2005-09-30,33.930,34.234,35.837
2005-10-03,34.120,34.220,35.813
2005-10-04,33.600,34.190,35.789
2005-10-05,33.450,34.160,35.763
2005-10-06,33.660,34.153,35.736
2005-10-07,33.900,34.146,35.710
2005-10-10,33.520,34.142,35.682
2005-10-11,33.310,34.122,35.653
2005-10-12,33.270,34.111,35.624
2005-10-13,33.750,34.107,35.597
2005-10-14,34.080,34.107,35.572
2005-10-17,34.000,34.104,35.547
2005-10-18,33.770,34.077,35.520
2005-10-19,34.730,34.072,35.501
2005-10-20,34.750,34.075,35.483
2005-10-21,35.130,34.086,35.465
2005-10-24,35.760,34.125,35.451
2005-10-25,35.720,34.178,35.439
2005-10-26,36.100,34.240,35.430
2005-10-27,36.030,34.303,35.420
2005-10-28,36.440,34.351,35.413
2005-10-31,36.620,34.419,35.407
2005-11-01,36.850,34.496,35.400
2005-11-02,37.200,34.603,35.396
2005-11-03,37.090,34.697,35.396
2005-11-04,37.310,34.805,35.398
2005-11-07,37.680,34.931,35.402
2005-11-08,37.340,35.046,35.404
2005-11-09,37.720,35.173,35.409
2005-11-10,38.320,35.305,35.417
2005-11-11,38.260,35.449,35.423
2005-11-14,38.130,35.583,35.427
2005-11-15,37.730,35.721,35.428
2005-11-16,37.810,35.866,35.429
2005-11-17,37.930,36.008,35.432
2005-11-18,38.030,36.146,35.434
2005-11-21,37.820,36.289,35.433
2005-11-22,38.200,36.452,35.435
2005-11-23,38.780,36.636,35.442
2005-11-25,38.860,36.806,35.449
2005-11-28,38.900,36.967,35.456
2005-11-29,38.960,37.132,35.463
2005-11-30,38.250,37.282,35.467
2005-12-01,38.570,37.410,35.473
2005-12-02,38.990,37.551,35.484
2005-12-05,38.850,37.675,35.496
2005-12-06,38.850,37.778,35.510
2005-12-07,38.470,37.870,35.520
2005-12-08,38.650,37.955,35.530
2005-12-09,39.120,38.058,35.541
2005-12-12,39.150,38.148,35.554
2005-12-13,39.410,38.241,35.565
2005-12-14,39.550,38.331,35.578
2005-12-15,39.580,38.410,35.591
2005-12-16,39.790,38.500,35.602
2005-12-19,39.600,38.577,35.614
2005-12-20,39.600,38.641,35.627
2005-12-21,39.830,38.724,35.644
2005-12-22,40.050,38.801,35.662
2005-12-23,40.200,38.864,35.683
2005-12-27,40.100,38.925,35.701
2005-12-28,39.910,38.985,35.719
2005-12-29,39.860,39.056,35.737
2005-12-30,39.690,39.118,35.755
2006-01-03,40.190,39.194,35.776
2006-01-04,39.620,39.247,35.795
2006-01-05,39.740,39.311,35.818
2006-01-06,40.020,39.371,35.844
2006-01-09,40.670,39.434,35.873
2006-01-10,40.730,39.497,35.902
2006-01-11,40.700,39.557,35.933
2006-01-12,39.950,39.590,35.958
2006-01-13,39.920,39.645,35.984
2006-01-17,39.710,39.683,36.012
2006-01-18,39.280,39.693,36.039
2006-01-19,39.060,39.700,36.061
2006-01-20,38.050,39.673,36.078
2006-01-23,38.270,39.667,36.096
2006-01-24,38.110,39.649,36.114
2006-01-25,38.480,39.627,36.133
2006-01-26,39.590,39.642,36.156
2006-01-27,39.750,39.653,36.182
2006-01-30,39.850,39.663,36.210
2006-01-31,39.750,39.669,36.239
2006-02-01,39.880,39.672,36.265
2006-02-02,39.990,39.685,36.290
2006-02-03,39.530,39.683,36.314
2006-02-06,39.440,39.670,36.336
2006-02-07,39.260,39.643,36.358
2006-02-08,39.600,39.623,36.380
2006-02-09,39.770,39.612,36.404
2006-02-10,39.920,39.613,36.426
2006-02-13,39.770,39.610,36.450
2006-02-14,40.100,39.623,36.473
2006-02-15,40.320,39.628,36.497
2006-02-16,40.820,39.668,36.523
2006-02-17,40.780,39.702,36.547
2006-02-21,40.700,39.725,36.571
2006-02-22,41.410,39.750,36.600
2006-02-23,41.110,39.762,36.625
2006-02-24,41.660,39.794,36.658
2006-02-27,41.580,39.849,36.689
2006-02-28,41.140,39.889,36.721
2006-03-01,41.630,39.953,36.757
2006-03-02,41.660,40.033,36.791
2006-03-03,41.590,40.117,36.823
2006-03-06,41.430,40.230,36.850
2006-03-07,41.480,40.337,36.877
2006-03-08,41.600,40.453,36.904
2006-03-09,41.050,40.539,36.930
2006-03-10,41.130,40.590,36.956
2006-03-13,41.060,40.634,36.982
2006-03-14,41.380,40.685,37.009
2006-03-15,41.220,40.734,37.036
2006-03-16,41.320,40.782,37.064
2006-03-17,41.400,40.829,37.092
2006-03-20,41.450,40.893,37.121
2006-03-21,41.200,40.951,37.149
2006-03-22,42.050,41.044,37.182
2006-03-23,42.040,41.126,37.215
2006-03-24,42.100,41.203,37.247
2006-03-27,42.110,41.276,37.280
2006-03-28,41.560,41.336,37.310
2006-03-29,41.680,41.389,37.341
2006-03-30,41.530,41.429,37.371
2006-03-31,41.640,41.456,37.401
2006-04-03,41.930,41.495,37.431
2006-04-04,42.270,41.547,37.462
2006-04-05,42.540,41.585,37.494
2006-04-06,42.290,41.624,37.525
2006-04-07,41.700,41.625,37.553
2006-04-10,41.880,41.635,37.582
2006-04-11,41.610,41.651,37.613
2006-04-12,41.900,41.660,37.644
2006-04-13,42.190,41.678,37.675
2006-04-17,42.000,41.691,37.706
2006-04-18,42.600,41.730,37.742
2006-04-19,42.620,41.768,37.780
2006-04-20,42.600,41.802,37.818
2006-04-21,42.500,41.850,37.857
2006-04-24,42.680,41.902,37.899
2006-04-25,42.220,41.940,37.936
2006-04-26,42.660,41.983,37.974
2006-04-27,43.950,42.074,38.018
2006-04-28,45.380,42.209,38.067
2006-05-01,44.780,42.322,38.113
2006-05-02,45.500,42.457,38.161
2006-05-03,45.460,42.599,38.210
2006-05-04,45.690,42.720,38.263
2006-05-05,46.650,42.874,38.320
2006-05-08,46.100,43.007,38.374
2006-05-09,46.020,43.138,38.426
2006-05-10,45.920,43.283,38.478
2006-05-11,45.150,43.399,38.527
2006-05-12,44.320,43.492,38.572
2006-05-15,44.540,43.588,38.617
2006-05-16,44.320,43.668,38.663
2006-05-17,43.250,43.701,38.703
2006-05-18,42.740,43.707,38.739
2006-05-19,42.750,43.723,38.775
2006-05-22,42.640,43.754,38.811
2006-05-23,42.170,43.764,38.845
2006-05-24,42.150,43.782,38.881
2006-05-25,42.850,43.813,38.920
2006-05-26,43.230,43.848,38.962
2006-05-30,42.440,43.863,39.000
2006-05-31,42.640,43.864,39.042
2006-06-01,43.580,43.896,39.087
2006-06-02,43.810,43.936,39.133
2006-06-05,42.970,43.952,39.175
2006-06-06,42.380,43.942,39.214
2006-06-07,42.250,43.943,39.253
2006-06-08,42.350,43.933,39.292
2006-06-09,42.100,43.871,39.331
2006-06-12,41.600,43.745,39.369
2006-06-13,40.530,43.603,39.401
2006-06-14,39.970,43.419,39.433
2006-06-15,40.600,43.257,39.466
2006-06-16,40.160,43.073,39.499
2006-06-19,39.950,42.849,39.530
2006-06-20,40.490,42.662,39.562
2006-06-21,41.210,42.502,39.597
2006-06-22,41.070,42.340,39.630
2006-06-23,40.870,42.198,39.660
2006-06-26,41.500,42.104,39.694
2006-06-27,40.840,41.980,39.724
2006-06-28,41.270,41.879,39.758
2006-06-29,42.680,41.860,39.800
2006-06-30,42.000,41.835,39.839
2006-07-03,42.870,41.839,39.883
2006-07-05,42.410,41.831,39.920
2006-07-06,42.450,41.841,39.959
2006-07-07,42.410,41.849,39.999
2006-07-10,42.580,41.840,40.041
2006-07-11,42.870,41.828,40.084
2006-07-12,42.250,41.822,40.125
2006-07-13,41.390,41.780,40.163
2006-07-14,40.890,41.691,40.198
2006-07-17,40.730,41.588,40.232
2006-07-18,40.710,41.513,40.264
2006-07-19,43.050,41.535,40.309
2006-07-20,42.980,41.559,40.354
2006-07-21,43.150,41.586,40.401
2006-07-24,44.200,41.656,40.455
2006-07-25,44.630,41.757,40.510
2006-07-26,44.650,41.894,40.564
2006-07-27,44.700,42.052,40.620
2006-07-28,45.480,42.215,40.680
2006-07-31,45.620,42.397,40.742
2006-08-01,45.510,42.582,40.801
2006-08-02,45.490,42.749,40.858
2006-08-03,45.660,42.897,40.916
2006-08-04,45.120,43.032,40.973
2006-08-07,45.270,43.179,41.026
2006-08-08,44.990,43.295,41.077
2006-08-09,44.350,43.412,41.123
2006-08-10,44.050,43.505,41.164
2006-08-11,43.930,43.546,41.206
2006-08-14,43.890,43.609,41.244
2006-08-15,45.040,43.682,41.290
2006-08-16,45.470,43.784,41.335
2006-08-17,45.460,43.884,41.379
2006-08-18,45.710,43.994,41.423
2006-08-21,45.460,44.090,41.464
2006-08-22,45.350,44.173,41.506
2006-08-23,45.520,44.282,41.547
2006-08-24,45.680,44.425,41.587
2006-08-25,45.520,44.579,41.628
2006-08-28,46.020,44.755,41.669
2006-08-29,45.970,44.931,41.707
2006-08-30,45.730,45.020,41.745
2006-08-31,45.660,45.109,41.782
2006-09-01,45.730,45.195,41.822
2006-09-05,45.800,45.249,41.862
2006-09-06,45.880,45.290,41.902
2006-09-07,45.200,45.309,41.938
2006-09-08,45.260,45.327,41.975
2006-09-11,45.390,45.324,42.011
2006-09-12,46.010,45.337,42.047
2006-09-13,46.400,45.367,42.085
2006-09-14,46.500,45.401,42.123
2006-09-15,46.950,45.444,42.163
2006-09-18,46.580,45.492,42.205
2006-09-19,46.800,45.543,42.246
2006-09-20,47.220,45.618,42.287
2006-09-21,46.810,45.700,42.327
2006-09-22,46.820,45.792,42.367
2006-09-25,46.910,45.891,42.409
2006-09-26,46.900,45.992,42.450
2006-09-27,46.840,46.052,42.489
2006-09-28,47.150,46.108,42.529
2006-09-29,46.960,46.158,42.566
2006-10-02,46.870,46.196,42.603
2006-10-03,47.750,46.273,42.644
2006-10-04,47.490,46.344,42.682
2006-10-05,47.410,46.407,42.721
2006-10-06,46.860,46.446,42.758
2006-10-09,47.110,46.499,42.794
2006-10-10,47.530,46.550,42.831
2006-10-11,47.640,46.605,42.869
2006-10-12,48.260,46.690,42.909
2006-10-13,48.160,46.773,42.951
2006-10-16,47.730,46.840,42.990
2006-10-17,47.990,46.913,43.032
2006-10-18,47.210,46.957,43.067
2006-10-19,46.870,47.013,43.103
2006-10-20,47.120,47.075,43.140
2006-10-23,47.390,47.141,43.177
2006-10-24,47.140,47.179,43.209
2006-10-25,47.270,47.208,43.242
2006-10-26,47.770,47.250,43.277
2006-10-27,47.290,47.262,43.314
2006-10-30,47.450,47.291,43.351
2006-10-31,47.440,47.312,43.390
2006-11-01,46.930,47.302,43.428
2006-11-02,46.900,47.305,43.468
2006-11-03,46.890,47.308,43.512
2006-11-06,47.650,47.332,43.559
2006-11-07,47.490,47.352,43.606
2006-11-08,47.640,47.379,43.651
2006-11-09,47.240,47.382,43.690
2006-11-10,47.610,47.403,43.729
2006-11-13,47.660,47.430,43.768
2006-11-14,47.750,47.430,43.808
2006-11-15,47.450,47.428,43.846
2006-11-16,47.850,47.443,43.885
2006-11-17,47.660,47.470,43.926
2006-11-20,47.900,47.496,43.968
2006-11-21,47.750,47.503,44.011
2006-11-22,47.590,47.502,44.050
2006-11-24,47.270,47.469,44.088
2006-11-27,46.630,47.418,44.122
2006-11-28,46.200,47.367,44.154
2006-11-29,46.670,47.323,44.187
2006-11-30,46.280,47.292,44.216
2006-12-01,46.010,47.263,44.242
2006-12-04,46.840,47.254,44.273
2006-12-05,47.200,47.247,44.305
2006-12-06,46.830,47.237,44.332
2006-12-07,46.630,47.216,44.360
2006-12-08,46.760,47.182,44.385
2006-12-11,47.550,47.191,44.415
2006-12-12,47.630,47.197,44.448
2006-12-13,47.600,47.202,44.477
2006-12-14,47.950,47.236,44.509
2006-12-15,48.300,47.283,44.542
2006-12-18,48.230,47.327,44.576
2006-12-19,48.270,47.348,44.610
2006-12-20,48.220,47.372,44.643
2006-12-21,48.650,47.406,44.681
2006-12-22,47.890,47.428,44.715
2006-12-26,48.310,47.451,44.752
2006-12-27,48.950,47.494,44.789
2006-12-28,48.920,47.533,44.828
2006-12-29,48.300,47.561,44.863
2007-01-03,48.070,47.569,44.896
2007-01-04,48.190,47.586,44.930
2007-01-05,47.790,47.583,44.963
2007-01-08,47.950,47.589,44.992
2007-01-09,47.750,47.595,45.021
2007-01-10,48.100,47.622,45.051
2007-01-11,48.310,47.678,45.082
2007-01-12,47.990,47.738,45.114
2007-01-16,48.390,47.795,45.148
2007-01-17,48.430,47.867,45.182
2007-01-18,48.150,47.938,45.215
2007-01-19,48.760,48.002,45.249
2007-01-22,49.660,48.084,45.286
2007-01-23,49.830,48.184,45.322
2007-01-24,50.360,48.309,45.362
2007-01-25,50.210,48.424,45.405
2007-01-26,49.700,48.495,45.444
2007-01-29,49.470,48.557,45.483
2007-01-30,50.180,48.643,45.525
2007-01-31,50.930,48.742,45.569
2007-02-01,51.210,48.839,45.615
2007-02-02,50.930,48.929,45.656
2007-02-05,50.960,49.019,45.698
2007-02-06,51.000,49.111,45.740
2007-02-07,51.210,49.197,45.783
2007-02-08,50.930,49.298,45.825
2007-02-09,50.420,49.368,45.866
2007-02-12,50.440,49.418,45.905
2007-02-13,50.950,49.486,45.940
2007-02-14,51.420,49.590,45.970
2007-02-15,51.210,49.694,46.002
2007-02-16,51.250,49.796,46.031
2007-02-20,51.630,49.924,46.062
2007-02-21,51.650,50.048,46.091
2007-02-22,51.640,50.177,46.116
2007-02-23,51.030,50.275,46.141
2007-02-26,50.810,50.358,46.165
2007-02-27,49.220,50.399,46.181
2007-02-28,49.390,50.433,46.203
2007-03-01,49.200,50.458,46.227
2007-03-02,48.190,50.460,46.245
2007-03-05,47.540,50.419,46.261
2007-03-06,48.520,50.381,46.288
2007-03-07,48.360,50.332,46.316
2007-03-08,48.740,50.278,46.346
2007-03-09,48.820,50.232,46.377
2007-03-12,48.840,50.203,46.410
2007-03-13,46.700,50.111,46.433
2007-03-14,47.300,50.015,46.455
2007-03-15,47.700,49.907,46.477
2007-03-16,47.030,49.768,46.500
2007-03-19,47.580,49.656,46.525
2007-03-20,47.750,49.549,46.546
2007-03-21,49.050,49.484,46.572
2007-03-22,48.470,49.393,46.600
2007-03-23,48.520,49.312,46.630
2007-03-26,48.700,49.255,46.663
2007-03-27,48.570,49.193,46.694
2007-03-28,47.990,49.094,46.723
2007-03-29,48.500,48.997,46.758
2007-03-30,48.380,48.902,46.797
2007-04-02,48.240,48.802,46.838
2007-04-03,48.560,48.700,46.878
2007-04-04,48.560,48.597,46.920
2007-04-05,48.770,48.501,46.964
2007-04-09,49.000,48.433,47.007
2007-04-10,49.240,48.381,47.047
2007-04-11,49.150,48.379,47.087
2007-04-12,49.200,48.372,47.129
2007-04-13,49.090,48.369,47.167
2007-04-16,49.970,48.428,47.212
2007-04-17,50.180,48.516,47.257
2007-04-18,52.070,48.634,47.304
2007-04-19,52.090,48.759,47.354
2007-04-20,52.540,48.885,47.403
2007-04-23,52.280,49.001,47.452
2007-04-24,52.160,49.111,47.501
2007-04-25,52.820,49.315,47.553
2007-04-26,52.940,49.503,47.604
2007-04-27,52.550,49.665,47.653
2007-04-30,52.100,49.834,47.702
2007-05-01,52.260,49.990,47.756
2007-05-02,52.550,50.150,47.815
2007-05-03,52.700,50.272,47.875
2007-05-04,52.630,50.410,47.934
2007-05-07,52.730,50.551,47.983
2007-05-08,52.450,50.676,48.030
2007-05-09,53.200,50.830,48.080
2007-05-10,52.000,50.964,48.119
2007-05-11,52.150,51.085,48.157
2007-05-14,51.830,51.200,48.193
2007-05-15,52.030,51.327,48.229
2007-05-16,52.980,51.474,48.267
2007-05-17,52.560,51.607,48.302
2007-05-18,52.540,51.733,48.337
2007-05-21,52.560,51.852,48.372
2007-05-22,52.290,51.953,48.405
2007-05-23,51.990,52.048,48.440
2007-05-24,51.590,52.128,48.471
2007-05-25,51.640,52.213,48.504
2007-05-29,51.820,52.274,48.542
2007-05-30,52.060,52.337,48.582
2007-05-31,51.830,52.329,48.621
2007-06-01,51.900,52.323,48.661
2007-06-04,51.570,52.290,48.694
2007-06-05,51.220,52.255,48.723
2007-06-06,50.560,52.202,48.748
2007-06-07,49.820,52.102,48.769
2007-06-08,50.410,52.017,48.794
2007-06-11,50.430,51.947,48.819
2007-06-12,49.350,51.855,48.838
2007-06-13,50.290,51.789,48.861
2007-06-14,50.320,51.715,48.885
2007-06-15,50.560,51.644,48.908
2007-06-18,50.430,51.570,48.930
2007-06-19,50.850,51.508,48.956
2007-06-20,49.460,51.408,48.975
2007-06-21,49.840,51.296,48.995
2007-06-22,48.720,51.187,49.010
2007-06-25,48.360,51.060,49.022
2007-06-26,48.600,50.953,49.039
2007-06-27,49.240,50.860,49.059
2007-06-28,48.960,50.726,49.077
2007-06-29,48.450,50.589,49.089
2007-07-02,49.150,50.476,49.103
2007-07-03,49.340,50.368,49.117
2007-07-05,48.790,50.252,49.126
2007-07-06,48.970,50.151,49.138
2007-07-09,48.790,50.058,49.148
2007-07-10,47.510,49.920,49.150
2007-07-11,48.130,49.797,49.156
2007-07-12,49.530,49.713,49.170
2007-07-13,50.050,49.653,49.186
2007-07-16,49.830,49.584,49.200
2007-07-17,49.920,49.529,49.216
2007-07-18,48.880,49.451,49.224
2007-07-19,48.620,49.387,49.233
2007-07-20,47.560,49.311,49.236
2007-07-23,47.150,49.203,49.233
2007-07-24,45.340,49.033,49.222
2007-07-25,45.270,48.897,49.212
2007-07-26,44.080,48.690,49.198
2007-07-27,44.230,48.487,49.183
2007-07-30,44.750,48.293,49.169
2007-07-31,44.010,48.079,49.151
2007-08-01,44.380,47.864,49.132
2007-08-02,44.590,47.701,49.114
2007-08-03,43.650,47.495,49.094
2007-08-06,45.110,47.375,49.079
2007-08-07,45.340,47.274,49.070
2007-08-08,46.510,47.204,49.068
2007-08-09,44.170,47.035,49.053
2007-08-10,44.250,46.878,49.038
2007-08-13,43.830,46.724,49.021
2007-08-14,43.300,46.529,49.001
2007-08-15,43.000,46.318,48.977
2007-08-16,45.470,46.207,48.968
2007-08-17,47.010,46.142,48.966
2007-08-20,46.490,46.065,48.961
2007-08-21,46.200,46.022,48.958
2007-08-22,46.000,45.951,48.953
2007-08-23,45.670,45.822,48.947
2007-08-24,45.950,45.685,48.939
2007-08-27,44.910,45.521,48.926
2007-08-28,43.600,45.311,48.905
2007-08-29,44.130,45.152,48.890
2007-08-30,43.970,44.997,48.872
2007-08-31,44.520,44.896,48.856
2007-09-04,45.300,44.834,48.844
2007-09-05,44.170,44.795,48.827
2007-09-06,44.210,44.760,48.809
2007-09-07,43.520,44.741,48.788
2007-09-10,43.930,44.731,48.769
2007-09-11,44.540,44.724,48.753
2007-09-12,44.470,44.740,48.737
2007-09-13,45.600,44.780,48.729
2007-09-14,45.540,44.812,48.723
2007-09-17,45.290,44.867,48.719
2007-09-18,47.820,44.957,48.724
2007-09-19,47.570,45.031,48.731
2007-09-20,46.960,45.046,48.736
2007-09-21,47.130,45.145,48.737
2007-09-24,46.340,45.215,48.733
2007-09-25,46.100,45.290,48.729
2007-09-26,46.130,45.385,48.727
2007-09-27,46.210,45.492,48.724
2007-09-28,45.820,45.503,48.715
2007-10-01,46.810,45.497,48.711
2007-10-02,47.160,45.519,48.709
2007-10-03,47.000,45.546,48.704
2007-10-04,47.250,45.587,48.699
2007-10-05,47.580,45.651,48.696
2007-10-08,47.440,45.701,48.691
2007-10-09,47.570,45.789,48.688
2007-10-10,46.910,45.900,48.680
2007-10-11,46.660,45.984,48.673
2007-10-12,46.820,46.079,48.666
2007-10-15,46.270,46.137,48.653
2007-10-16,45.110,46.131,48.633
2007-10-17,46.370,46.204,48.624
2007-10-18,45.900,46.261,48.613
2007-10-19,45.020,46.311,48.597
2007-10-22,45.370,46.359,48.585
2007-10-23,45.940,46.405,48.575
2007-10-24,46.270,46.465,48.568
2007-10-25,46.050,46.480,48.557
2007-10-26,47.320,46.540,48.552
2007-10-29,46.670,46.586,48.546
2007-10-30,46.560,46.544,48.537
2007-10-31,47.000,46.525,48.529
2007-11-01,44.320,46.437,48.510
2007-11-02,43.150,46.304,48.482
2007-11-05,42.770,46.185,48.448
2007-11-06,44.110,46.119,48.419
2007-11-07,42.240,45.989,48.379
2007-11-08,42.610,45.869,48.341
2007-11-09,42.310,45.752,48.304
2007-11-12,42.390,45.605,48.268
2007-11-13,45.050,45.534,48.243
2007-11-14,45.150,45.473,48.214
2007-11-15,43.530,45.349,48.175
2007-11-16,43.090,45.199,48.136
2007-11-19,41.370,44.997,48.088
2007-11-20,41.630,44.799,48.041
2007-11-21,40.680,44.591,47.989
2007-11-23,41.950,44.434,47.944
2007-11-26,40.460,44.222,47.894
2007-11-27,42.350,44.091,47.854
2007-11-28,43.960,44.053,47.819
2007-11-29,43.650,43.962,47.780
2007-11-30,45.620,43.953,47.752
2007-12-03,45.210,43.959,47.722
2007-12-04,44.150,43.919,47.684
2007-12-05,44.900,43.884,47.650
2007-12-06,46.210,43.882,47.623
2007-12-07,46.080,43.883,47.599
2007-12-10,47.420,43.886,47.582
2007-12-11,45.940,43.862,47.565
2007-12-12,46.150,43.848,47.549
2007-12-13,45.760,43.807,47.532
2007-12-14,45.200,43.836,47.517
2007-12-17,44.530,43.882,47.502
2007-12-18,43.900,43.920,47.479
2007-12-19,43.980,43.916,47.457
2007-12-20,43.330,43.952,47.430
2007-12-21,44.110,44.002,47.406
2007-12-24,44.830,44.086,47.386
2007-12-26,44.940,44.171,47.377
2007-12-27,43.640,44.124,47.359
2007-12-28,43.260,44.061,47.337
2007-12-31,43.650,44.065,47.320
2008-01-02,42.170,44.034,47.293
2008-01-03,41.880,44.051,47.264
2008-01-04,40.930,44.028,47.223
2008-01-07,41.340,44.050,47.187
2008-01-08,39.700,43.975,47.143
2008-01-09,40.260,43.968,47.101
2008-01-10,41.330,43.934,47.065
2008-01-11,40.860,43.831,47.029
2008-01-14,41.360,43.755,46.993
2008-01-15,39.170,43.540,46.947
2008-01-16,41.430,43.414,46.913
2008-01-17,40.040,43.277,46.871
2008-01-18,39.590,43.100,46.826
2008-01-22,40.860,42.921,46.786
2008-01-23,45.720,42.909,46.770
2008-01-24,44.960,42.827,46.749
2008-01-25,43.640,42.751,46.721
2008-01-28,45.570,42.731,46.703
2008-01-29,47.450,42.788,46.695
2008-01-30,47.350,42.859,46.682
2008-01-31,47.400,42.955,46.668
2008-02-01,48.250,43.100,46.649
2008-02-04,46.220,43.175,46.619
2008-02-05,43.890,43.193,46.576
2008-02-06,43.720,43.180,46.533
2008-02-07,45.110,43.190,46.498
2008-02-08,43.820,43.152,46.453
2008-02-11,43.350,43.143,46.405
2008-02-12,43.310,43.144,46.359
2008-02-13,44.100,43.159,46.319
2008-02-14,42.610,43.174,46.270
2008-02-15,43.250,43.220,46.224
2008-02-19,42.830,43.283,46.175
2008-02-20,43.150,43.343,46.127
2008-02-21,43.070,43.456,46.079
2008-02-22,43.930,43.578,46.036
2008-02-25,44.030,43.668,45.990
2008-02-26,43.720,43.763,45.949
2008-02-27,44.410,43.865,45.910
2008-02-28,42.440,43.974,45.863
2008-02-29,40.650,43.948,45.807
2008-03-03,39.820,43.941,45.741
2008-03-04,39.190,43.927,45.674
2008-03-05,38.740,43.857,45.605
2008-03-06,37.370,43.578,45.529
2008-03-07,37.560,43.332,45.455
2008-03-10,36.480,43.093,45.378
2008-03-11,38.840,42.869,45.314
2008-03-12,38.610,42.574,45.249
2008-03-13,38.110,42.266,45.180
2008-03-14,36.540,41.904,45.103
2008-03-17,40.310,41.639,45.045
2008-03-18,42.710,41.522,44.999
2008-03-19,42.470,41.475,44.954
2008-03-20,45.970,41.550,44.927
2008-03-24,46.550,41.598,44.907
2008-03-25,46.060,41.673,44.889
2008-03-26,44.110,41.698,44.857
2008-03-27,42.860,41.683,44.819
2008-03-28,42.710,41.637,44.786
2008-03-31,42.950,41.648,44.749
2008-04-01,47.000,41.773,44.733
2008-04-02,46.240,41.887,44.711
2008-04-03,46.280,41.991,44.690
2008-04-04,45.570,42.074,44.664
2008-04-07,45.540,42.128,44.644
2008-04-08,44.860,42.156,44.619
2008-04-09,44.300,42.175,44.597
2008-04-10,43.860,42.157,44.575
2008-04-11,42.530,42.160,44.544
2008-04-14,41.500,42.188,44.506
2008-04-15,42.120,42.265,44.472
2008-04-16,44.960,42.457,44.454
2008-04-17,45.120,42.670,44.434
2008-04-18,45.760,42.949,44.416
2008-04-21,45.230,43.205,44.398
2008-04-22,45.650,43.511,44.382
2008-04-23,45.150,43.721,44.363
2008-04-24,46.970,44.000,44.361
2008-04-25,47.790,44.322,44.359
2008-04-28,47.340,44.682,44.348
2008-04-29,47.080,44.908,44.333
2008-04-30,47.650,45.073,44.322
2008-05-01,49.250,45.299,44.319
2008-05-02,48.660,45.388,44.318
2008-05-05,48.000,45.437,44.315
2008-05-06,48.200,45.508,44.318
2008-05-07,46.570,45.590,44.315
2008-05-08,46.050,45.696,44.319
2008-05-09,46.570,45.825,44.325
2008-05-12,47.240,45.968,44.341
2008-05-13,45.480,45.917,44.347
2008-05-14,45.910,45.906,44.353
2008-05-15,47.020,45.931,44.368
2008-05-16,46.530,45.963,44.379
2008-05-19,45.990,45.978,44.386
2008-05-20,43.700,45.939,44.386
2008-05-21,42.420,45.877,44.373
2008-05-22,43.050,45.850,44.361
2008-05-23,42.320,45.843,44.340
2008-05-27,43.010,45.893,44.334
2008-05-28,42.860,45.918,44.327
2008-05-29,43.570,45.871,44.326
2008-05-30,43.000,45.801,44.325
2008-06-02,42.150,45.680,44.320
2008-06-03,41.890,45.569,44.303
2008-06-04,41.630,45.435,44.276
2008-06-05,42.100,45.333,44.254
2008-06-06,40.090,45.104,44.223
2008-06-09,37.510,44.761,44.181
2008-06-10,38.290,44.460,44.144
2008-06-11,37.130,44.128,44.100
2008-06-12,38.010,43.807,44.065
2008-06-13,39.580,43.484,44.045
2008-06-16,39.940,43.194,44.024
2008-06-17,39.040,42.895,43.999
2008-06-18,38.740,42.580,43.971
2008-06-19,38.650,42.316,43.937
2008-06-20,37.860,42.043,43.906
2008-06-23,36.870,41.719,43.869
2008-06-24,37.720,41.402,43.840
2008-06-25,37.910,41.150,43.810
2008-06-26,36.320,40.830,43.769
2008-06-27,35.050,40.431,43.722
2008-06-30,34.310,40.024,43.665
2008-07-01,34.020,39.625,43.608
2008-07-02,34.600,39.321,43.554
2008-07-03,35.310,39.084,43.492
2008-07-07,34.040,38.784,43.424
2008-07-08,35.770,38.566,43.368
2008-07-09,34.280,38.275,43.304
2008-07-10,34.510,37.996,43.245
2008-07-11,33.160,37.649,43.180
2008-07-14,31.690,37.272,43.108
2008-07-15,31.020,36.901,43.032
2008-07-16,35.940,36.703,42.982
2008-07-17,40.800,36.675,42.952
2008-07-18,40.020,36.606,42.917
2008-07-21,38.650,36.558,42.875
2008-07-22,40.860,36.670,42.843
2008-07-23,41.960,36.792,42.815
2008-07-24,39.140,36.859,42.773
2008-07-25,39.520,36.909,42.733
2008-07-28,37.660,36.845,42.687
2008-07-29,40.750,36.872,42.657
2008-07-30,41.570,36.957,42.631
2008-07-31,40.630,37.020,42.603
2008-08-01,40.760,37.090,42.581
2008-08-04,40.140,37.166,42.550
2008-08-05,41.890,37.333,42.530
2008-08-06,41.390,37.456,42.512
2008-08-07,39.810,37.519,42.484
2008-08-08,41.070,37.677,42.460
2008-08-11,41.890,37.905,42.438
2008-08-12,37.920,38.026,42.397
2008-08-13,36.910,38.122,42.345
2008-08-14,37.810,38.229,42.301
2008-08-15,38.070,38.321,42.258
2008-08-18,36.740,38.411,42.207
2008-08-19,35.580,38.405,42.163
2008-08-20,37.000,38.495,42.133
2008-08-21,36.260,38.554,42.100
2008-08-22,37.670,38.704,42.068
2008-08-25,36.130,38.852,42.037
2008-08-26,36.610,39.038,42.007
2008-08-27,37.140,39.078,41.981
2008-08-28,38.880,39.014,41.964
2008-08-29,38.490,38.963,41.931
2008-09-02,38.990,38.975,41.900
2008-09-03,39.710,38.936,41.881
2008-09-04,37.910,38.801,41.855
2008-09-05,39.600,38.817,41.846
2008-09-08,41.550,38.884,41.846
2008-09-09,39.470,38.945,41.840
2008-09-10,39.400,38.900,41.827
2008-09-11,41.650,38.902,41.833
2008-09-12,41.170,38.920,41.827
2008-09-15,37.000,38.795,41.792
2008-09-16,40.740,38.815,41.778
2008-09-17,35.770,38.611,41.729
2008-09-18,40.300,38.575,41.704
2008-09-19,47.050,38.816,41.719
2008-09-22,40.800,38.807,41.698
2008-09-23,40.560,38.763,41.670
2008-09-24,40.500,38.849,41.642
2008-09-25,43.460,39.067,41.622
2008-09-26,48.240,39.415,41.634
2008-09-29,41.000,39.512,41.608
2008-09-30,46.700,39.844,41.613
2008-10-01,49.630,40.313,41.635
2008-10-02,49.850,40.741,41.661
2008-10-03,45.900,41.062,41.671
2008-10-06,44.000,41.273,41.671
2008-10-07,39.320,41.380,41.651
2008-10-08,39.300,41.469,41.627
2008-10-09,36.680,41.454,41.587
2008-10-10,41.640,41.546,41.570
2008-10-13,41.990,41.663,41.562
2008-10-14,40.710,41.720,41.549
2008-10-15,38.490,41.679,41.523
2008-10-16,40.490,41.765,41.515
2008-10-17,39.330,41.756,41.502
2008-10-20,40.660,41.727,41.501
2008-10-21,39.740,41.736,41.493
2008-10-22,37.170,41.661,41.480
2008-10-23,37.850,41.535,41.468
2008-10-24,35.430,41.343,41.439
2008-10-27,34.000,41.243,41.404
2008-10-28,37.600,41.139,41.386
2008-10-29,35.710,41.137,41.368
2008-10-30,37.620,41.047,41.349
2008-10-31,41.250,40.854,41.355
2008-11-03,40.730,40.852,41.361
2008-11-04,42.170,40.905,41.367
2008-11-05,39.220,40.863,41.335
2008-11-06,38.260,40.689,41.301
2008-11-07,37.750,40.340,41.272
2008-11-10,36.410,40.187,41.226
2008-11-11,36.350,39.842,41.171
2008-11-12,34.570,39.340,41.107
2008-11-13,37.190,38.918,41.056
2008-11-14,34.470,38.537,40.987
2008-11-17,32.770,38.162,40.920
2008-11-18,32.140,37.923,40.861
2008-11-19,28.470,37.562,40.785
2008-11-20,23.380,37.119,40.676
2008-11-21,22.720,36.488,40.570
2008-11-24,27.580,36.008,40.492
2008-11-25,29.770,35.643,40.424
2008-11-26,30.620,35.381,40.357
2008-11-28,31.660,35.086,40.302
2008-12-01,26.120,34.646,40.216
2008-12-02,28.530,34.242,40.145
2008-12-03,30.250,33.925,40.080
2008-12-04,31.080,33.722,40.020
2008-12-05,33.350,33.572,39.967
2008-12-08,36.490,33.608,39.930
2008-12-09,33.960,33.606,39.881
2008-12-10,33.520,33.470,39.826
2008-12-11,29.940,33.278,39.764
2008-12-12,30.940,33.055,39.715
2008-12-15,28.630,32.635,39.659
2008-12-16,32.350,32.355,39.625
2008-12-17,31.860,32.012,39.591
2008-12-18,30.210,31.711,39.555
2008-12-19,30.320,31.447,39.519
2008-12-22,29.820,31.182,39.485
2008-12-23,29.110,30.939,39.437
2008-12-24,29.850,30.722,39.393
2008-12-26,29.800,30.563,39.351
2008-12-29,29.780,30.316,39.318
2008-12-30,31.010,30.201,39.271
2008-12-31,31.530,30.160,39.215
2009-01-02,31.350,30.133,39.160
2009-01-05,29.250,30.159,39.076
2009-01-06,29.880,30.376,38.993
2009-01-07,28.090,30.555,38.903
2009-01-08,27.220,30.543,38.818
2009-01-09,25.970,30.416,38.734
2009-01-12,24.910,30.226,38.645
2009-01-13,26.350,30.049,38.562
2009-01-14,25.910,30.042,38.456
2009-01-15,24.340,29.902,38.347
2009-01-16,22.820,29.655,38.230
2009-01-20,18.090,29.222,38.092
2009-01-21,22.630,28.864,37.978
2009-01-22,23.100,28.418,37.869
2009-01-23,24.280,28.095,37.769
2009-01-26,24.500,27.795,37.672
2009-01-27,25.060,27.632,37.585
2009-01-28,27.660,27.523,37.515
2009-01-29,25.430,27.416,37.432
2009-01-30,25.510,27.188,37.335
2009-02-02,25.200,26.966,37.235
2009-02-03,24.050,26.761,37.127
2009-02-04,24.040,26.551,37.021
2009-02-05,24.540,26.375,36.915
2009-02-06,27.630,26.326,36.828
2009-02-09,27.280,26.240,36.729
2009-02-10,24.620,26.068,36.613
2009-02-11,26.090,25.945,36.507
2009-02-12,26.190,25.784,36.402
2009-02-13,24.690,25.556,36.288
2009-02-17,21.650,25.233,36.150
2009-02-18,21.510,24.975,36.014
2009-02-19,20.600,24.665,35.877
2009-02-20,19.900,24.392,35.735
2009-02-23,19.510,24.135,35.600
2009-02-24,21.020,23.970,35.475
2009-02-25,21.730,23.864,35.351
2009-02-26,23.050,23.754,35.230
2009-02-27,22.850,23.652,35.117
2009-03-02,21.160,23.546,34.993
2009-03-03,21.010,23.486,34.863
2009-03-04,19.300,23.526,34.727
2009-03-05,16.600,23.325,34.580
2009-03-06,15.930,23.086,34.441
2009-03-09,15.900,22.807,34.308
2009-03-10,19.500,22.640,34.191
2009-03-11,20.400,22.485,34.081
2009-03-12,23.200,22.336,33.982
2009-03-13,23.750,22.280,33.886
2009-03-16,23.090,22.200,33.784
2009-03-17,25.140,22.198,33.695
2009-03-18,27.110,22.300,33.619
2009-03-19,24.950,22.330,33.535
2009-03-20,23.150,22.284,33.442
2009-03-23,28.860,22.325,33.376
2009-03-24,26.400,22.295,33.308
2009-03-25,28.560,22.427,33.263
2009-03-26,29.100,22.527,33.217
2009-03-27,27.400,22.567,33.168
2009-03-30,24.850,22.573,33.103
2009-03-31,26.580,22.737,33.038
2009-04-01,28.140,22.958,32.979
2009-04-02,28.160,23.210,32.924
2009-04-03,29.280,23.523,32.877
2009-04-06,28.200,23.812,32.825
2009-04-07,27.250,24.020,32.772
2009-04-08,27.430,24.210,32.724
2009-04-09,32.750,24.533,32.700
2009-04-13,33.700,24.895,32.678
2009-04-14,30.700,25.213,32.650
2009-04-15,32.560,25.598,32.638
2009-04-16,33.240,26.063,32.633
2009-04-17,33.260,26.618,32.629
2009-04-20,29.690,27.077,32.604
2009-04-21,32.530,27.631,32.590
2009-04-22,31.900,28.044,32.580
2009-04-23,33.210,28.471,32.567
2009-04-24,33.380,28.811,32.562
2009-04-27,32.780,29.112,32.554
2009-04-28,32.790,29.435,32.552
2009-04-29,34.480,29.746,32.566
2009-04-30,33.000,29.943,32.576
2009-05-01,32.490,30.194,32.558
2009-05-04,35.790,30.615,32.533
2009-05-05,34.820,30.814,32.507
2009-05-06,37.220,31.175,32.500
2009-05-07,35.240,31.397,32.472
2009-05-08,38.940,31.725,32.457
2009-05-11,35.830,32.006,32.441
2009-05-12,35.360,32.357,32.420
2009-05-13,34.050,32.606,32.402
2009-05-14,35.540,32.852,32.376
2009-05-15,34.910,33.077,32.342
2009-05-18,37.260,33.343,32.325
2009-05-19,35.810,33.597,32.301
2009-05-20,34.550,33.840,32.273
2009-05-21,34.900,34.089,32.238
2009-05-22,34.410,34.145,32.203
2009-05-26,36.540,34.239,32.187
2009-05-27,34.660,34.371,32.155
2009-05-28,36.650,34.508,32.128
2009-05-29,36.900,34.630,32.123
2009-06-01,36.110,34.725,32.119
2009-06-02,34.500,34.885,32.103
2009-06-03,33.980,34.933,32.082
2009-06-04,35.350,35.048,32.075
2009-06-05,34.550,35.093,32.070
2009-06-08,35.390,35.160,32.062
2009-06-09,35.260,35.243,32.057
2009-06-10,34.840,35.311,32.043
2009-06-11,34.940,35.326,32.037
2009-06-12,35.130,35.397,32.030
2009-06-15,34.000,35.448,32.014
2009-06-16,33.500,35.371,31.987
2009-06-17,32.730,35.302,31.958
2009-06-18,34.170,35.200,31.934
2009-06-19,35.000,35.192,31.911
2009-06-22,32.870,34.990,31.885
2009-06-23,33.570,34.914,31.855
2009-06-24,33.460,34.851,31.815
2009-06-25,34.140,34.854,31.788
2009-06-26,34.450,34.818,31.763
2009-06-29,34.600,34.807,31.728
2009-06-30,34.110,34.702,31.693
2009-07-01,33.770,34.634,31.677
2009-07-02,32.270,34.558,31.634
2009-07-06,32.600,34.482,31.618
2009-07-07,32.810,34.428,31.581
2009-07-08,32.710,34.301,31.509
2009-07-09,33.620,34.266,31.473
2009-07-10,32.340,34.122,31.432
2009-07-13,34.710,34.049,31.403
2009-07-14,34.700,34.002,31.360
2009-07-15,36.260,34.061,31.300
2009-07-16,36.130,34.133,31.275
2009-07-17,36.890,34.184,31.226
2009-07-20,36.980,34.265,31.163
2009-07-21,36.940,34.317,31.098
2009-07-22,36.830,34.369,31.053
2009-07-23,38.150,34.479,31.024
2009-07-24,37.920,34.579,31.017
2009-07-27,38.130,34.679,31.011
2009-07-28,38.080,34.815,31.018
2009-07-29,37.770,34.957,30.999
2009-07-30,38.470,35.148,30.981
2009-07-31,38.650,35.298,30.971
2009-08-03,39.600,35.451,30.976
2009-08-04,40.210,35.696,30.975
2009-08-05,41.780,35.969,30.987
2009-08-06,40.750,36.212,30.988
2009-08-07,42.360,36.486,31.001
2009-08-10,42.690,36.761,31.028
2009-08-11,41.240,36.982,31.045
2009-08-12,42.210,37.252,31.079
2009-08-13,42.900,37.557,31.124
2009-08-14,42.450,37.896,31.148
2009-08-17,40.730,38.167,31.173
2009-08-18,41.700,38.463,31.193
2009-08-19,41.410,38.753,31.194
2009-08-20,42.420,39.047,31.203
2009-08-21,43.660,39.424,31.210
2009-08-24,43.010,39.701,31.229
2009-08-25,43.580,39.997,31.256
2009-08-26,43.300,40.231,31.283
2009-08-27,43.450,40.475,31.319
2009-08-28,42.920,40.676,31.351
2009-08-31,43.460,40.892,31.396
2009-09-01,41.670,41.050,31.418
2009-09-02,40.860,41.184,31.450
2009-09-03,42.110,41.316,31.497
2009-09-04,42.340,41.464,31.548
2009-09-08,42.540,41.611,31.618
2009-09-09,42.860,41.770,31.716
2009-09-10,43.020,41.945,31.817
2009-09-11,42.500,42.079,31.892
2009-09-14,43.750,42.249,31.962
2009-09-15,43.190,42.369,32.025
2009-09-16,44.650,42.517,32.089
2009-09-17,44.960,42.623,32.184
2009-09-18,44.950,42.763,32.266
2009-09-21,44.550,42.836,32.337
2009-09-22,46.470,42.962,32.414
2009-09-23,45.060,43.089,32.473
2009-09-24,44.370,43.161,32.512
2009-09-25,43.650,43.186,32.561
2009-09-28,44.810,43.265,32.617
2009-09-29,44.880,43.403,32.692
2009-09-30,43.820,43.474,32.756
2009-10-01,41.370,43.473,32.820
2009-10-02,41.860,43.454,32.867
2009-10-05,43.800,43.459,32.927
2009-10-06,44.910,43.522,33.001
2009-10-07,45.700,43.593,33.078
2009-10-08,45.300,43.659,33.155
2009-10-09,45.850,43.739,33.239
2009-10-12,46.080,43.845,33.320
2009-10-13,45.660,43.918,33.399
2009-10-14,47.160,44.101,33.486
2009-10-15,47.160,44.311,33.567
2009-10-16,46.060,44.443,33.639
2009-10-19,45.980,44.564,33.713
2009-10-20,46.030,44.680,33.796
2009-10-21,44.650,44.740,33.870
2009-10-22,45.710,44.830,33.958
2009-10-23,45.230,44.921,34.048
2009-10-26,43.820,44.923,34.138
2009-10-27,43.900,44.947,34.233
2009-10-28,42.680,44.881,34.314
2009-10-29,44.350,44.861,34.406
2009-10-30,41.770,44.755,34.494
2009-11-02,42.580,44.689,34.592
2009-11-03,42.700,44.563,34.715
2009-11-04,42.210,44.468,34.813
2009-11-05,43.870,44.452,34.917
2009-11-06,43.480,44.446,35.013
2009-11-09,44.350,44.431,35.112
2009-11-10,44.170,44.407,35.208
2009-11-11,44.320,44.424,35.291
2009-11-12,43.300,44.488,35.381
2009-11-13,42.900,44.523,35.468
2009-11-16,43.040,44.497,35.557
2009-11-17,43.160,44.439,35.652
2009-11-18,43.380,44.362,35.749
2009-11-19,42.550,44.270,35.839
2009-11-20,42.460,44.157,35.913
2009-11-23,43.280,44.064,35.993
2009-11-24,42.480,43.958,36.083
2009-11-25,42.160,43.791,36.163
2009-11-27,41.330,43.597,36.239
2009-11-30,42.490,43.478,36.328
2009-12-01,42.220,43.352,36.430
2009-12-02,41.930,43.216,36.533
2009-12-03,41.400,43.107,36.637
2009-12-04,41.740,42.975,36.746
2009-12-07,41.250,42.842,36.854
2009-12-08,41.210,42.755,36.955
2009-12-09,41.190,42.665,37.053
2009-12-10,41.270,42.618,37.144
2009-12-11,40.960,42.505,37.234
2009-12-14,41.770,42.505,37.337
2009-12-15,40.860,42.448,37.437
2009-12-16,41.360,42.403,37.547
2009-12-17,40.270,42.338,37.665
2009-12-18,40.950,42.241,37.790
2009-12-21,41.900,42.188,37.920
2009-12-22,41.940,42.108,38.033
2009-12-23,41.560,42.021,38.138
2009-12-24,41.890,41.940,38.232
2009-12-28,41.720,41.887,38.322
2009-12-29,41.490,41.840,38.414
2009-12-30,41.530,41.790,38.496
2009-12-31,41.670,41.740,38.568
2010-01-04,42.850,41.723,38.658
2010-01-05,43.680,41.760,38.761
2010-01-06,43.920,41.809,38.836
2010-01-07,44.790,41.859,38.928
2010-01-08,44.680,41.933,39.008
2010-01-11,44.530,42.012,39.086
2010-01-12,43.490,42.084,39.166
2010-01-13,44.250,42.142,39.263
2010-01-14,44.690,42.225,39.354
2010-01-15,43.680,42.283,39.431
2010-01-19,43.280,42.346,39.507
2010-01-20,43.400,42.401,39.578
2010-01-21,40.540,42.377,39.639
2010-01-22,39.160,42.309,39.699
2010-01-25,39.210,42.243,39.758
2010-01-26,38.440,42.149,39.786
2010-01-27,39.330,42.094,39.814
2010-01-28,39.480,42.018,39.858
2010-01-29,38.940,41.954,39.890
2010-02-01,39.630,41.896,39.922
2010-02-02,40.550,41.906,39.958
2010-02-03,40.290,41.884,40.011
2010-02-04,38.350,41.765,40.041
2010-02-05,38.300,41.644,40.073
2010-02-08,37.700,41.515,40.095
2010-02-09,38.390,41.399,40.120
2010-02-10,38.870,41.304,40.151
2010-02-11,39.020,41.221,40.182
2010-02-12,38.950,41.135,40.204
2010-02-16,40.070,41.082,40.239
2010-02-17,40.040,40.988,40.277
2010-02-18,40.410,40.879,40.300
2010-02-19,40.030,40.750,40.326
2010-02-22,40.850,40.618,40.344
2010-02-23,39.880,40.458,40.368
2010-02-24,40.850,40.336,40.377
2010-02-25,40.640,40.241,40.401
2010-02-26,41.970,40.165,40.434
2010-03-01,41.830,40.069,40.473
2010-03-02,41.620,40.001,40.504
2010-03-03,41.530,39.942,40.537
2010-03-04,41.920,39.893,40.560
2010-03-05,42.810,39.969,40.595
2010-03-08,42.590,40.083,40.635
2010-03-09,42.420,40.190,40.673
2010-03-10,42.930,40.340,40.715
2010-03-11,43.180,40.468,40.749
2010-03-12,43.150,40.590,40.791
2010-03-15,43.070,40.728,40.823
2010-03-16,43.240,40.848,40.855
2010-03-17,43.790,40.956,40.893
2010-03-18,43.640,41.068,40.939
2010-03-19,43.450,41.238,40.986
2010-03-22,43.740,41.419,41.028
2010-03-23,44.580,41.649,41.078
2010-03-24,44.940,41.867,41.126
2010-03-25,44.940,42.069,41.175
2010-03-26,45.020,42.269,41.225
2010-03-29,44.860,42.466,41.275
2010-03-30,44.580,42.617,41.322
2010-03-31,44.750,42.774,41.376
2010-04-01,45.180,42.933,41.434
2010-04-05,45.340,43.110,41.497
2010-04-06,45.840,43.276,41.556
2010-04-07,45.320,43.457,41.607
2010-04-08,45.760,43.621,41.672
2010-04-09,45.980,43.799,41.734
2010-04-12,46.140,43.938,41.797
2010-04-13,45.870,44.073,41.856
2010-04-14,47.730,44.276,41.922
2010-04-15,47.810,44.486,41.988
2010-04-16,45.550,44.607,42.046
2010-04-19,45.390,44.693,42.104
2010-04-20,45.880,44.802,42.172
2010-04-21,45.350,44.900,42.236
2010-04-22,44.740,44.960,42.295
2010-04-23,44.940,45.019,42.356
2010-04-26,43.890,45.044,42.408
2010-04-27,42.410,45.022,42.458
2010-04-28,43.460,45.029,42.502
2010-04-29,44.000,45.036,42.548
2010-04-30,42.580,45.001,42.580
2010-05-03,43.530,45.003,42.617
2010-05-04,42.470,44.961,42.645
2010-05-05,42.630,44.896,42.673
2010-05-06,40.810,44.758,42.692
2010-05-07,40.760,44.619,42.712
2010-05-10,41.950,44.517,42.731
2010-05-11,41.550,44.406,42.749
2010-05-12,41.690,44.310,42.767
2010-05-13,40.810,44.179,42.781
2010-05-14,39.890,44.002,42.791
2010-05-17,39.840,43.819,42.798
2010-05-18,39.020,43.592,42.800
2010-05-19,39.380,43.394,42.799
2010-05-20,37.830,43.129,42.787
2010-05-21,40.050,42.932,42.778
2010-05-24,38.620,42.681,42.768
2010-05-25,38.940,42.450,42.751
2010-05-26,38.780,42.152,42.731
2010-05-27,40.420,41.905,42.727
2010-05-28,39.580,41.706,42.714
2010-06-01,38.540,41.478,42.692
2010-06-02,39.550,41.267,42.677
2010-06-03,39.100,41.059,42.669
2010-06-04,37.620,40.821,42.649
2010-06-07,36.720,40.547,42.625
2010-06-08,37.780,40.344,42.602
2010-06-09,37.120,40.167,42.570
2010-06-10,38.290,39.995,42.546
2010-06-11,38.090,39.798,42.518
2010-06-14,37.330,39.623,42.489
2010-06-15,38.250,39.447,42.463
2010-06-16,38.520,39.315,42.441
2010-06-17,38.440,39.176,42.416
2010-06-18,39.180,39.121,42.403
2010-06-21,38.870,39.058,42.393
2010-06-22,38.330,38.938,42.374
2010-06-23,38.890,38.849,42.357
2010-06-24,38.030,38.727,42.334
2010-06-25,39.440,38.681,42.317
2010-06-28,38.540,38.636,42.295
2010-06-29,37.060,38.544,42.268
2010-06-30,36.610,38.463,42.232
2010-07-01,36.080,38.353,42.196
2010-07-02,35.830,38.287,42.152
2010-07-06,36.330,38.163,42.109
2010-07-07,38.150,38.147,42.075
2010-07-08,38.160,38.121,42.043
2010-07-09,38.850,38.123,42.005
2010-07-12,39.190,38.082,41.976
2010-07-13,40.480,38.112,41.956
2010-07-14,40.350,38.173,41.940
2010-07-15,40.460,38.203,41.918
2010-07-16,39.000,38.200,41.889
2010-07-19,39.040,38.247,41.865
2010-07-20,39.630,38.344,41.856
2010-07-21,38.420,38.365,41.839
2010-07-22,39.350,38.440,41.817
2010-07-23,39.830,38.491,41.791
2010-07-26,40.330,38.566,41.764
2010-07-27,40.690,38.678,41.741
2010-07-28,40.320,38.747,41.714
2010-07-29,40.210,38.803,41.684
2010-07-30,40.280,38.864,41.657
2010-08-02,41.640,38.946,41.630
2010-08-03,41.080,39.020,41.599
2010-08-04,41.290,39.119,41.576
2010-08-05,41.270,39.198,41.552
2010-08-06,40.440,39.278,41.524
2010-08-09,39.820,39.291,41.500
2010-08-10,39.170,39.312,41.467
2010-08-11,37.770,39.336,41.430
2010-08-12,37.810,39.376,41.400
2010-08-13,37.500,39.423,41.368
2010-08-16,37.690,39.485,41.343
2010-08-17,37.480,39.523,41.309
2010-08-18,37.890,39.515,41.289
2010-08-19,37.070,39.478,41.262
2010-08-20,37.140,39.421,41.234
2010-08-23,36.880,39.344,41.207
2010-08-24,36.210,39.202,41.169
2010-08-25,36.230,39.065,41.133
2010-08-26,35.630,38.904,41.089
2010-08-27,36.600,38.824,41.051
2010-08-30,35.850,38.717,41.009
2010-08-31,36.360,38.608,40.974
2010-09-01,37.740,38.586,40.948
2010-09-02,38.160,38.546,40.924
2010-09-03,39.170,38.524,40.904
2010-09-07,38.280,38.456,40.878
2010-09-08,39.120,38.403,40.861
2010-09-09,40.100,38.396,40.850
2010-09-10,39.760,38.381,40.832
2010-09-13,41.120,38.409,40.825
2010-09-14,40.720,38.378,40.818
2010-09-15,40.980,38.375,40.816
2010-09-16,40.990,38.365,40.809
2010-09-17,40.060,38.325,40.798
2010-09-20,41.190,38.350,40.794
2010-09-21,40.590,38.375,40.790
2010-09-22,39.940,38.401,40.781
2010-09-23,39.100,38.445,40.770
2010-09-24,39.750,38.510,40.763
2010-09-27,39.080,38.563,40.753
2010-09-28,38.950,38.605,40.741
2010-09-29,38.410,38.636,40.728
2010-09-30,38.060,38.641,40.710
2010-10-01,38.810,38.699,40.699
2010-10-04,38.950,38.760,40.687
2010-10-05,39.640,38.852,40.684
2010-10-06,39.900,38.975,40.679
2010-10-07,39.520,39.084,40.667
2010-10-08,39.310,39.207,40.654
2010-10-11,39.730,39.311,40.645
2010-10-12,40.400,39.463,40.637
2010-10-13,39.840,39.579,40.628
2010-10-14,38.720,39.612,40.614
2010-10-15,37.150,39.578,40.592
2010-10-18,38.200,39.546,40.575
2010-10-19,37.690,39.526,40.549
2010-10-20,38.100,39.492,40.521
2010-10-21,37.700,39.412,40.490
2010-10-22,37.700,39.343,40.455
2010-10-25,37.070,39.208,40.416
2010-10-26,37.200,39.091,40.380
2010-10-27,37.540,38.976,40.350
2010-10-28,37.510,38.860,40.316
2010-10-29,37.630,38.779,40.281
2010-11-01,37.420,38.654,40.250
2010-11-02,36.960,38.533,40.218
2010-11-03,37.720,38.459,40.190
2010-11-04,39.800,38.482,40.186
2010-11-05,40.940,38.522,40.195
2010-11-08,40.510,38.569,40.201
2010-11-09,39.900,38.601,40.209
2010-11-10,40.620,38.675,40.215
2010-11-11,40.020,38.740,40.218
2010-11-12,39.610,38.767,40.221
2010-11-15,40.080,38.804,40.224
2010-11-16,39.610,38.803,40.219
2010-11-17,39.180,38.779,40.213
2010-11-18,39.660,38.784,40.220
2010-11-19,39.410,38.787,40.225
2010-11-22,38.510,38.747,40.229
2010-11-23,37.630,38.654,40.226
2010-11-24,38.160,38.598,40.222
2010-11-26,37.500,38.558,40.214
2010-11-29,37.910,38.583,40.209
2010-11-30,37.400,38.556,40.196
2010-12-01,38.150,38.572,40.186
2010-12-02,39.310,38.612,40.181
2010-12-03,39.610,38.676,40.179
2010-12-06,39.900,38.749,40.174
2010-12-07,39.250,38.822,40.171
2010-12-08,40.260,38.924,40.168
2010-12-09,40.810,39.033,40.169
2010-12-10,41.430,39.163,40.166
2010-12-13,41.510,39.293,40.165
2010-12-14,40.790,39.405,40.160
2010-12-15,40.210,39.513,40.154
2010-12-16,40.010,39.590,40.144
2010-12-17,39.670,39.585,40.129
2010-12-20,39.950,39.552,40.115
2010-12-21,41.000,39.569,40.108
2010-12-22,42.160,39.644,40.104
2010-12-23,42.080,39.693,40.099
2010-12-27,42.670,39.781,40.097
2010-12-28,42.610,39.881,40.094
2010-12-29,42.360,39.957,40.090
2010-12-30,42.230,40.044,40.082
2010-12-31,42.420,40.152,40.076
2011-01-03,43.580,40.283,40.077
2011-01-04,44.160,40.441,40.079
2011-01-05,44.700,40.648,40.079
2011-01-06,44.480,40.876,40.077
2011-01-07,43.640,41.059,40.071
2011-01-10,43.400,41.255,40.062
2011-01-11,43.600,41.445,40.056
2011-01-12,44.710,41.689,40.057
2011-01-13,44.450,41.899,40.055
2011-01-14,44.910,42.085,40.054
2011-01-18,44.750,42.257,40.051
2011-01-19,43.710,42.384,40.040
2011-01-20,44.750,42.567,40.037
2011-01-21,45.290,42.735,40.035
2011-01-24,45.020,42.875,40.030
2011-01-25,44.870,42.990,40.024
2011-01-26,44.980,43.105,40.020
2011-01-27,45.100,43.249,40.006
2011-01-28,44.540,43.393,39.990
2011-01-31,44.940,43.558,39.987
2011-02-01,45.930,43.766,39.990
2011-02-02,45.450,43.950,39.987
2011-02-03,45.460,44.098,39.988
2011-02-04,44.590,44.179,39.987
2011-02-07,45.500,44.293,39.990
2011-02-08,45.740,44.396,39.999
2011-02-09,45.110,44.479,40.013
2011-02-10,45.530,44.585,40.023
2011-02-11,46.570,44.729,40.036
2011-02-14,46.540,44.867,40.056
2011-02-15,46.820,44.975,40.072
2011-02-16,47.940,45.101,40.100
2011-02-17,47.820,45.205,40.126
2011-02-18,48.000,45.322,40.162
2011-02-22,46.010,45.401,40.188
2011-02-23,45.960,45.486,40.208
2011-02-24,45.910,45.563,40.230
2011-02-25,46.680,45.629,40.255
2011-02-28,46.690,45.704,40.284
2011-03-01,45.600,45.727,40.313
2011-03-02,45.210,45.742,40.339
2011-03-03,46.080,45.821,40.375
2011-03-04,45.520,45.847,40.405
2011-03-07,45.190,45.843,40.442
2011-03-08,46.400,45.889,40.474
2011-03-09,46.560,45.946,40.514
2011-03-10,45.530,45.964,40.547
2011-03-11,45.740,45.985,40.581
2011-03-14,45.300,46.011,40.606
2011-03-15,44.610,46.000,40.631
2011-03-16,43.810,45.929,40.657
2011-03-17,44.560,45.899,40.682
2011-03-18,45.740,45.909,40.716
2011-03-21,45.630,45.943,40.756
2011-03-22,45.470,45.942,40.799
2011-03-23,45.600,45.938,40.838
2011-03-24,45.730,45.958,40.882
2011-03-25,45.860,45.969,40.919
2011-03-28,45.960,45.949,40.959
2011-03-29,46.020,45.932,41.002
2011-03-30,46.450,45.919,41.043
2011-03-31,46.100,45.858,41.081
2011-04-01,46.350,45.809,41.121
2011-04-04,46.340,45.754,41.156
2011-04-05,46.580,45.773,41.195
2011-04-06,47.640,45.829,41.242
2011-04-07,47.400,45.878,41.284
2011-04-08,46.840,45.884,41.328
2011-04-11,46.860,45.889,41.365
2011-04-12,46.640,45.924,41.406
2011-04-13,46.250,45.959,41.452
2011-04-14,44.970,45.922,41.493
2011-04-15,44.890,45.901,41.538
2011-04-18,43.960,45.860,41.578
2011-04-19,44.650,45.801,41.620
2011-04-20,44.560,45.735,41.652
2011-04-21,44.680,45.706,41.684
2011-04-25,44.610,45.669,41.713
2011-04-26,45.120,45.663,41.743
2011-04-27,45.500,45.692,41.768
2011-04-28,45.850,45.760,41.795
2011-04-29,45.630,45.796,41.821
2011-05-02,45.180,45.777,41.852
2011-05-03,45.920,45.787,41.887
2011-05-04,45.500,45.788,41.916
2011-05-05,45.170,45.774,41.950
2011-05-06,45.040,45.751,41.978
2011-05-09,44.960,45.721,42.004
2011-05-10,45.160,45.694,42.028
2011-05-11,44.230,45.634,42.046
2011-05-12,44.090,45.556,42.064
2011-05-13,43.150,45.457,42.079
2011-05-16,42.880,45.342,42.092
2011-05-17,43.810,45.257,42.103
2011-05-18,44.080,45.174,42.118
2011-05-19,44.000,45.053,42.132
2011-05-20,43.130,44.910,42.141
2011-05-23,42.550,44.767,42.151
2011-05-24,42.340,44.617,42.164
2011-05-25,42.270,44.471,42.180
2011-05-26,42.450,44.344,42.203
2011-05-27,42.790,44.272,42.228
2011-05-31,43.240,44.217,42.257
2011-06-01,41.760,44.143,42.277
2011-06-02,41.610,44.042,42.298
2011-06-03,41.570,43.942,42.316
2011-06-06,40.530,43.804,42.333
2011-06-07,40.720,43.674,42.351
2011-06-08,40.390,43.517,42.369
2011-06-09,40.980,43.366,42.393
2011-06-10,41.050,43.206,42.417
2011-06-13,41.670,43.074,42.447
2011-06-14,41.610,42.955,42.472
2011-06-15,40.680,42.780,42.496
2011-06-16,40.360,42.609,42.516
2011-06-17,40.800,42.463,42.531
2011-06-20,40.480,42.311,42.543
2011-06-21,40.910,42.176,42.552
2011-06-22,40.690,42.027,42.564
2011-06-23,40.070,41.889,42.568
2011-06-24,39.490,41.735,42.565
2011-06-27,39.880,41.626,42.566
2011-06-28,39.540,41.515,42.558
2011-06-29,40.450,41.403,42.557
2011-06-30,40.940,41.298,42.557
2011-07-01,41.580,41.218,42.560
2011-07-05,41.030,41.148,42.564
2011-07-06,40.560,41.081,42.561
2011-07-07,41.320,41.047,42.565
2011-07-08,40.740,40.996,42.569
2011-07-11,39.430,40.896,42.571
2011-07-12,39.390,40.782,42.569
2011-07-13,39.620,40.662,42.571
2011-07-14,40.350,40.615,42.578
2011-07-15,39.980,40.560,42.586
2011-07-18,39.830,40.502,42.595
2011-07-19,40.390,40.498,42.603
2011-07-20,40.960,40.506,42.613
2011-07-21,42.290,40.569,42.626
2011-07-22,42.190,40.609,42.638
2011-07-25,41.690,40.631,42.649
2011-07-26,41.440,40.623,42.659
2011-07-27,40.670,40.592,42.664
2011-07-28,40.680,40.592,42.665
2011-07-29,40.450,40.595,42.668
2011-08-01,40.440,40.583,42.677
2011-08-02,39.840,40.561,42.690
2011-08-03,39.900,40.528,42.699
2011-08-04,37.920,40.435,42.700
2011-08-05,37.600,40.353,42.698
2011-08-08,34.060,40.172,42.679
2011-08-09,36.400,40.056,42.673
2011-08-10,34.370,39.884,42.659
2011-08-11,36.690,39.758,42.657
2011-08-12,35.910,39.591,42.649
2011-08-15,36.880,39.434,42.646
2011-08-16,36.030,39.267,42.638
2011-08-17,36.570,39.134,42.633
2011-08-18,35.190,38.930,42.624
2011-08-19,34.350,38.717,42.608
2011-08-22,33.410,38.516,42.576
2011-08-23,34.780,38.363,42.545
2011-08-24,35.830,38.236,42.521
2011-08-25,35.720,38.082,42.501
2011-08-26,36.210,37.956,42.479
2011-08-29,37.640,37.883,42.467
2011-08-30,37.060,37.772,42.454
2011-08-31,37.560,37.659,42.441
2011-09-01,36.300,37.459,42.425
2011-09-02,34.630,37.207,42.402
2011-09-06,33.440,36.932,42.371
2011-09-07,34.820,36.712,42.348
2011-09-08,33.510,36.473,42.323
2011-09-09,32.080,36.186,42.295
2011-09-12,32.420,35.919,42.266
2011-09-13,32.490,35.654,42.241
2011-09-14,32.800,35.419,42.216
2011-09-15,33.810,35.216,42.198
2011-09-16,33.430,35.066,42.174
2011-09-19,32.490,34.896,42.140
2011-09-20,32.250,34.836,42.103
2011-09-21,30.340,34.634,42.056
2011-09-22,29.270,34.464,42.006
2011-09-23,29.590,34.227,41.952
2011-09-26,31.650,34.085,41.907
2011-09-27,31.570,33.908,41.857
2011-09-28,30.470,33.723,41.802
2011-09-29,31.390,33.550,41.755
2011-09-30,30.120,33.381,41.705
2011-10-03,28.650,33.191,41.648
2011-10-04,30.260,33.086,41.601
2011-10-05,30.840,32.955,41.555
2011-10-06,32.380,32.840,41.512
2011-10-07,30.700,32.672,41.455
2011-10-10,32.300,32.542,41.406
2011-10-11,32.300,32.364,41.354
2011-10-12,33.200,32.235,41.307
2011-10-13,31.600,32.037,41.253
2011-10-14,31.890,31.890,41.202
2011-10-17,31.040,31.770,41.145
2011-10-18,32.870,31.751,41.091
2011-10-19,32.250,31.665,41.032
2011-10-20,33.130,31.653,40.974
2011-10-21,33.420,31.697,40.918
2011-10-24,34.570,31.769,40.873
2011-10-25,33.490,31.802,40.823
2011-10-26,34.180,31.848,40.776
2011-10-27,37.020,31.955,40.738
2011-10-28,36.690,32.064,40.699
2011-10-31,34.760,32.140,40.648
2011-11-01,32.710,32.155,40.588
2011-11-02,33.640,32.265,40.538
2011-11-03,34.380,32.435,40.486
2011-11-04,33.970,32.581,40.429
2011-11-07,34.240,32.668,40.375
2011-11-08,35.020,32.783,40.326
2011-11-09,32.540,32.852,40.264
2011-11-10,32.740,32.897,40.202
2011-11-11,33.280,33.002,40.146
2011-11-14,32.550,33.132,40.084
2011-11-15,32.700,33.213,40.018
2011-11-16,31.470,33.234,39.948
2011-11-17,30.490,33.171,39.873
2011-11-18,30.620,33.169,39.803
2011-11-21,29.910,33.089,39.725
2011-11-22,29.410,32.993,39.644
2011-11-23,28.380,32.832,39.560
2011-11-25,28.480,32.728,39.475
2011-11-28,29.160,32.637,39.388
2011-11-29,28.560,32.554,39.298
2011-11-30,30.970,32.491,39.218
2011-12-01,30.460,32.431,39.131
2011-12-02,32.330,32.405,39.054
2011-12-05,33.510,32.408,38.981
2011-12-06,33.230,32.363,38.917
2011-12-07,34.000,32.380,38.858
2011-12-08,32.220,32.315,38.789
2011-12-09,33.180,32.187,38.722
2011-12-12,32.040,32.032,38.648
2011-12-13,31.290,31.916,38.577
2011-12-14,31.510,31.876,38.508
2011-12-15,31.760,31.813,38.437
2011-12-16,31.890,31.730,38.369
2011-12-19,30.700,31.621,38.296
2011-12-20,32.210,31.554,38.225
2011-12-21,32.320,31.464,38.154
2011-12-22,33.450,31.494,38.094
2011-12-23,33.570,31.522,38.033
2011-12-27,33.030,31.513,37.971
2011-12-28,32.650,31.517,37.912
2011-12-29,33.420,31.541,37.860
2011-12-30,33.250,31.600,37.803
2012-01-03,34.980,31.750,37.749
2012-01-04,34.950,31.894,37.696
2012-01-05,35.680,32.086,37.647
2012-01-06,35.360,32.285,37.596
2012-01-09,35.300,32.515,37.544
2012-01-10,36.050,32.768,37.494
2012-01-11,36.660,33.018,37.448
2012-01-12,36.850,33.294,37.402
2012-01-13,35.920,33.459,37.349
2012-01-17,34.910,33.607,37.293
2012-01-18,36.540,33.748,37.244
2012-01-19,36.930,33.862,37.197
2012-01-20,37.360,33.999,37.151
2012-01-23,37.660,34.121,37.101
2012-01-24,37.660,34.303,37.053
2012-01-25,37.600,34.450,37.006
2012-01-26,37.490,34.632,36.960
2012-01-27,37.210,34.829,36.912
2012-01-30,37.010,35.012,36.866
2012-01-31,37.300,35.197,36.828
2012-02-01,37.600,35.387,36.791
2012-02-02,37.550,35.616,36.759
2012-02-03,38.280,35.818,36.728
2012-02-06,38.140,36.012,36.695
2012-02-07,37.870,36.159,36.661
2012-02-08,38.300,36.317,36.630
2012-02-09,37.860,36.478,36.594
2012-02-10,37.610,36.643,36.554
2012-02-13,38.300,36.806,36.516
2012-02-14,37.920,36.962,36.478
2012-02-15,37.400,37.042,36.439
2012-02-16,38.000,37.144,36.399
2012-02-17,38.470,37.237,36.364
2012-02-21,38.460,37.340,36.331
2012-02-22,38.070,37.433,36.296
2012-02-23,38.490,37.514,36.263
2012-02-24,38.280,37.568,36.229
2012-02-27,39.060,37.642,36.203
2012-02-28,39.210,37.751,36.179
2012-02-29,39.240,37.896,36.159
2012-03-01,40.370,38.023,36.147
2012-03-02,40.630,38.147,36.131
2012-03-05,40.400,38.248,36.112
2012-03-06,39.320,38.303,36.089
2012-03-07,39.950,38.380,36.073
2012-03-08,40.440,38.474,36.063
2012-03-09,41.030,38.592,36.056
2012-03-12,40.540,38.703,36.047
2012-03-13,43.390,38.916,36.052
2012-03-14,43.580,39.125,36.056
2012-03-15,44.700,39.362,36.063
2012-03-16,44.570,39.596,36.077
2012-03-19,45.000,39.820,36.094
2012-03-20,45.380,40.061,36.113
2012-03-21,45.120,40.303,36.136
2012-03-22,44.650,40.515,36.156
2012-03-23,45.160,40.758,36.180
2012-03-26,46.170,41.043,36.206
2012-03-27,45.890,41.296,36.230
2012-03-28,46.270,41.575,36.253
2012-03-29,45.670,41.850,36.273
2012-03-30,45.980,42.116,36.300
2012-04-02,46.130,42.372,36.329
2012-04-03,45.420,42.604,36.352
2012-04-04,44.410,42.815,36.371
2012-04-05,44.340,43.010,36.388
2012-04-09,43.890,43.197,36.404
2012-04-10,42.960,43.327,36.419
2012-04-11,44.010,43.487,36.442
2012-04-12,44.840,43.674,36.466
2012-04-13,43.210,43.768,36.485
2012-04-16,43.330,43.858,36.499
2012-04-17,43.900,43.975,36.514
2012-04-18,43.290,44.107,36.522
2012-04-19,43.220,44.216,36.533
2012-04-20,42.720,44.292,36.544
2012-04-23,42.850,44.353,36.552
2012-04-24,43.280,44.444,36.565
2012-04-25,43.160,44.437,36.583
2012-04-26,43.800,44.444,36.605
2012-04-27,43.340,44.399,36.624
2012-04-30,42.980,44.346,36.637
2012-05-01,43.790,44.305,36.656
2012-05-02,43.200,44.233,36.673
2012-05-03,43.010,44.162,36.686
2012-05-04,41.750,44.066,36.690
2012-05-07,41.780,43.953,36.687
2012-05-08,41.380,43.793,36.683
2012-05-09,40.640,43.618,36.678
2012-05-10,40.740,43.434,36.675
2012-05-11,36.960,43.144,36.656
2012-05-14,35.790,42.804,36.632
2012-05-15,36.240,42.474,36.611
2012-05-16,35.460,42.142,36.586
2012-05-17,33.930,41.793,36.556
2012-05-18,33.490,41.431,36.524
2012-05-21,32.510,41.052,36.497
2012-05-22,34.010,40.754,36.479
2012-05-23,34.260,40.429,36.480
2012-05-24,33.970,40.066,36.468
2012-05-25,33.500,39.743,36.464
2012-05-29,33.630,39.419,36.448
2012-05-30,32.960,39.055,36.433
2012-05-31,33.150,38.717,36.415
2012-06-01,31.930,38.340,36.394
2012-06-04,31.000,37.950,36.366
2012-06-05,31.990,37.588,36.350
2012-06-06,33.070,37.247,36.344
2012-06-07,32.810,36.902,36.341
2012-06-08,33.680,36.565,36.336
2012-06-11,32.820,36.214,36.321
2012-06-12,33.770,35.907,36.311
2012-06-13,34.300,35.591,36.301
2012-06-14,34.650,35.306,36.286
2012-06-15,35.030,35.040,36.276
2012-06-18,34.620,34.802,36.261
2012-06-19,35.380,34.589,36.257
2012-06-20,36.450,34.425,36.266
2012-06-21,35.510,34.254,36.276
2012-06-22,35.990,34.095,36.282
2012-06-25,35.320,34.041,36.291
2012-06-26,35.710,34.038,36.309
2012-06-27,36.780,34.056,36.331
2012-06-28,35.880,34.070,36.348
2012-06-29,35.730,34.130,36.363
2012-07-02,36.280,34.223,36.375
2012-07-03,35.880,34.335,36.387
2012-07-05,34.380,34.348,36.397
2012-07-06,33.900,34.336,36.405
2012-07-09,33.960,34.335,36.423
2012-07-10,34.250,34.360,36.448
2012-07-11,34.590,34.392,36.473
2012-07-12,34.040,34.428,36.485
2012-07-13,36.070,34.526,36.507
2012-07-16,35.090,34.631,36.531
2012-07-17,34.990,34.764,36.549
2012-07-18,34.960,34.863,36.573
2012-07-19,34.460,34.909,36.602
2012-07-20,33.900,34.946,36.620
2012-07-23,34.440,34.971,36.638
2012-07-24,34.730,35.035,36.650
2012-07-25,35.170,35.081,36.672
2012-07-26,35.810,35.132,36.690
2012-07-27,36.890,35.206,36.713
2012-07-30,36.140,35.243,36.727
2012-07-31,36.000,35.289,36.749
2012-08-01,36.000,35.310,36.770
2012-08-02,35.170,35.267,36.791
2012-08-03,36.090,35.287,36.807
2012-08-06,36.300,35.297,36.827
2012-08-07,37.010,35.353,36.846
2012-08-08,37.160,35.402,36.865
2012-08-09,36.920,35.406,36.877
2012-08-10,36.970,35.443,36.894
2012-08-13,36.990,35.485,36.908
2012-08-14,37.100,35.512,36.909
2012-08-15,37.070,35.552,36.910
2012-08-16,37.100,35.642,36.922
2012-08-17,36.980,35.745,36.944
2012-08-20,37.370,35.859,36.962
2012-08-21,38.040,35.985,36.980
2012-08-22,37.830,36.093,37.000
2012-08-23,37.230,36.199,37.015
2012-08-24,37.170,36.236,37.025
2012-08-27,37.230,36.307,37.049
2012-08-28,37.130,36.379,37.071
2012-08-29,37.300,36.457,37.091
2012-08-30,36.900,36.538,37.113
2012-08-31,37.140,36.646,37.135
2012-09-04,37.010,36.732,37.163
2012-09-05,37.110,36.811,37.196
2012-09-06,38.690,36.928,37.236
2012-09-07,39.300,37.045,37.283
2012-09-10,38.760,37.107,37.330
2012-09-11,39.600,37.222,37.386
2012-09-12,39.920,37.353,37.443
2012-09-13,41.400,37.533,37.504
2012-09-14,41.570,37.746,37.569
2012-09-17,41.190,37.916,37.620
2012-09-18,41.260,38.082,37.674
2012-09-19,41.340,38.226,37.719
2012-09-20,41.250,38.362,37.758
2012-09-21,40.880,38.494,37.796
2012-09-24,41.230,38.636,37.833
2012-09-25,40.550,38.755,37.874
2012-09-26,40.240,38.860,37.910
2012-09-27,40.680,38.980,37.953
2012-09-28,40.480,39.093,37.999
2012-10-01,40.970,39.226,38.046
2012-10-02,40.920,39.344,38.092
2012-10-03,40.860,39.438,38.137
2012-10-04,41.820,39.571,38.192
2012-10-05,41.710,39.720,38.240
2012-10-08,41.660,39.870,38.286
2012-10-09,41.380,40.008,38.326
2012-10-10,41.770,40.163,38.367
2012-10-11,42.100,40.323,38.412
2012-10-12,41.620,40.480,38.457
2012-10-15,42.380,40.655,38.502
2012-10-16,42.830,40.849,38.550
2012-10-17,43.320,41.056,38.592
2012-10-18,43.010,41.200,38.632
2012-10-19,42.320,41.301,38.665
2012-10-22,42.090,41.412,38.699
2012-10-23,41.330,41.469,38.729
2012-10-24,41.710,41.529,38.757
2012-10-25,41.670,41.538,38.782
2012-10-26,41.160,41.524,38.804
2012-10-31,41.680,41.541,38.833
2012-11-01,42.840,41.593,38.872
2012-11-02,42.420,41.629,38.902
2012-11-05,42.270,41.663,38.928
2012-11-06,42.880,41.730,38.956
2012-11-07,40.480,41.705,38.970
2012-11-08,40.400,41.700,38.984
2012-11-09,40.620,41.713,38.999
2012-11-12,40.580,41.709,39.014
2012-11-13,40.040,41.695,39.029
2012-11-14,39.290,41.639,39.040
2012-11-15,39.390,41.588,39.050
2012-11-16,39.530,41.543,39.060
2012-11-19,40.590,41.502,39.075
2012-11-20,40.700,41.469,39.087
2012-11-21,40.730,41.438,39.100
2012-11-23,41.090,41.428,39.116
2012-11-26,40.880,41.398,39.129
2012-11-27,40.750,41.353,39.144
2012-11-28,40.830,41.327,39.160
2012-11-29,41.220,41.288,39.174
2012-11-30,41.080,41.230,39.190
2012-12-03,40.810,41.146,39.207
2012-12-04,40.570,41.065,39.220
2012-12-05,41.200,41.028,39.234
2012-12-06,41.470,41.007,39.249
2012-12-07,42.560,41.048,39.271
2012-12-10,42.310,41.068,39.290
2012-12-11,42.640,41.100,39.312
2012-12-12,42.770,41.154,39.331
2012-12-13,42.780,41.191,39.349
2012-12-14,42.810,41.190,39.366
2012-12-17,43.480,41.225,39.382
2012-12-18,43.870,41.278,39.398
2012-12-19,43.530,41.300,39.414
2012-12-20,44.530,41.435,39.440
2012-12-21,44.000,41.555,39.460
2012-12-24,43.920,41.665,39.478
2012-12-26,43.960,41.778,39.492
2012-12-27,43.630,41.897,39.508
2012-12-28,43.240,42.029,39.507
2012-12-31,43.970,42.182,39.509
2013-01-02,44.660,42.353,39.509
2013-01-03,44.570,42.485,39.509
2013-01-04,45.360,42.641,39.510
2013-01-07,45.410,42.797,39.511
2013-01-08,45.500,42.944,39.512
2013-01-09,45.470,43.097,39.517
2013-01-10,46.150,43.277,39.522
2013-01-11,46.140,43.454,39.521
2013-01-14,45.880,43.609,39.521
2013-01-15,46.350,43.785,39.522
2013-01-16,46.820,43.985,39.527
2013-01-17,46.440,44.181,39.530
2013-01-18,46.460,44.356,39.531
2013-01-22,46.540,44.525,39.537
2013-01-23,46.230,44.647,39.546
2013-01-24,46.370,44.783,39.556
2013-01-25,47.160,44.933,39.573
2013-01-28,46.640,45.062,39.591
2013-01-29,47.120,45.207,39.607
2013-01-30,47.130,45.351,39.618
2013-01-31,47.050,45.470,39.637
2013-02-01,47.850,45.603,39.660
2013-02-04,47.680,45.741,39.679
2013-02-05,48.790,45.883,39.706
2013-02-06,48.610,46.037,39.733
2013-02-07,48.230,46.180,39.761
2013-02-08,48.630,46.336,39.790
2013-02-11,48.660,46.504,39.817
2013-02-12,49.140,46.700,39.846
2013-02-13,48.680,46.857,39.871
2013-02-14,49.220,47.009,39.900
2013-02-15,48.880,47.153,39.930
2013-02-19,49.450,47.289,39.958
2013-02-20,48.610,47.396,39.985
2013-02-21,48.250,47.488,40.011
2013-02-22,48.910,47.602,40.047
2013-02-25,47.700,47.654,40.077
2013-02-26,47.600,47.703,40.108
2013-02-27,49.280,47.816,40.151
2013-02-28,48.920,47.902,40.192
2013-03-01,48.910,47.971,40.252
2013-03-04,49.100,48.060,40.318
2013-03-05,49.490,48.161,40.384
2013-03-06,50.030,48.277,40.457
2013-03-07,50.630,48.424,40.541
2013-03-08,50.200,48.552,40.624
2013-03-11,50.480,48.662,40.714
2013-03-12,50.280,48.784,40.796
2013-03-13,50.160,48.885,40.875
2013-03-14,51.000,49.014,40.960
2013-03-15,50.020,49.113,41.043
2013-03-18,49.510,49.168,41.122
2013-03-19,49.200,49.219,41.203
2013-03-20,49.120,49.230,41.283
2013-03-21,48.350,49.221,41.365
2013-03-22,48.780,49.240,41.454
2013-03-25,48.520,49.236,41.537
2013-03-26,48.640,49.235,41.615
2013-03-27,47.770,49.190,41.690
2013-03-28,47.460,49.149,41.758
2013-04-01,47.830,49.103,41.833
2013-04-02,48.280,49.083,41.906
2013-04-03,46.850,48.996,41.969
2013-04-04,47.490,48.959,42.033
2013-04-05,47.910,48.947,42.097
2013-04-08,48.580,48.936,42.167
2013-04-09,48.680,48.969,42.234
2013-04-10,49.250,49.024,42.298
2013-04-11,49.310,49.025,42.367
2013-04-12,49.010,49.028,42.432
2013-04-15,47.930,48.995,42.495
2013-04-16,48.490,48.975,42.559
2013-04-17,46.790,48.885,42.609
2013-04-18,46.640,48.772,42.663
2013-04-19,47.230,48.659,42.720
2013-04-22,47.350,48.564,42.775
2013-04-23,48.170,48.487,42.837
2013-04-24,48.720,48.435,42.909
2013-04-25,49.000,48.396,42.984
2013-04-26,48.880,48.325,43.059
2013-04-29,48.920,48.289,43.132
2013-04-30,49.010,48.272,43.204
2013-05-01,48.010,48.232,43.274
2013-05-02,48.080,48.198,43.334
2013-05-03,47.570,48.172,43.396
2013-05-06,48.180,48.152,43.462
2013-05-07,49.140,48.172,43.533
2013-05-08,49.760,48.210,43.610
2013-05-09,49.040,48.252,43.685
2013-05-10,48.960,48.302,43.758
2013-05-13,49.670,48.363,43.833
2013-05-14,50.230,48.428,43.908
2013-05-15,51.090,48.570,43.984
2013-05-16,50.970,48.686,44.055
2013-05-17,52.300,48.832,44.136
2013-05-20,52.290,48.956,44.217
2013-05-21,53.020,49.100,44.302
2013-05-22,53.630,49.246,44.395
2013-05-23,53.350,49.381,44.481
2013-05-24,53.660,49.536,44.568
2013-05-28,54.600,49.758,44.656
2013-05-29,54.670,49.964,44.743
2013-05-30,55.620,50.259,44.837
2013-05-31,54.590,50.524,44.925
2013-06-03,54.490,50.766,45.012
2013-06-04,54.040,50.989,45.097
2013-06-05,53.030,51.151,45.177
2013-06-06,53.500,51.310,45.259
2013-06-07,54.270,51.486,45.345
2013-06-10,54.360,51.668,45.430
2013-06-11,53.490,51.821,45.507
2013-06-12,53.180,51.960,45.584
2013-06-13,54.170,52.165,45.669
2013-06-14,53.130,52.333,45.749
2013-06-17,53.850,52.543,45.832
2013-06-18,54.110,52.740,45.917
2013-06-19,53.550,52.887,45.998
2013-06-20,52.480,52.978,46.076
2013-06-21,51.960,53.075,46.150
2013-06-24,50.920,53.141,46.219
2013-06-25,52.080,53.221,46.294
2013-06-26,52.500,53.297,46.363
2013-06-27,53.150,53.365,46.433
2013-06-28,52.790,53.426,46.503
2013-07-01,52.490,53.432,46.567
2013-07-02,52.800,53.449,46.632
2013-07-03,52.770,53.441,46.688
2013-07-05,53.990,53.453,46.751
2013-07-08,54.700,53.498,46.818
2013-07-09,54.890,53.539,46.886
2013-07-10,54.830,53.547,46.954
2013-07-11,55.140,53.562,47.023
2013-07-12,54.970,53.541,47.094
2013-07-15,54.890,53.551,47.162
2013-07-16,55.010,53.568,47.234
2013-07-17,55.270,53.609,47.309
2013-07-18,56.370,53.720,47.388
2013-07-19,56.160,53.809,47.466
2013-07-22,56.560,53.885,47.544
2013-07-23,56.670,53.962,47.623
2013-07-24,56.630,54.067,47.702
2013-07-25,56.500,54.178,47.775
2013-07-26,56.050,54.240,47.847
2013-07-29,55.690,54.326,47.917
2013-07-30,55.330,54.375,47.987
2013-07-31,55.730,54.429,48.057
2013-08-01,56.540,54.529,48.129
2013-08-02,56.490,54.662,48.203
2013-08-05,56.100,54.800,48.272
2013-08-06,55.490,54.953,48.335
2013-08-07,55.300,55.060,48.395
2013-08-08,54.830,55.138,48.454
2013-08-09,54.520,55.183,48.515
2013-08-12,54.090,55.227,48.575
2013-08-13,54.290,55.287,48.640
2013-08-14,54.150,55.332,48.702
2013-08-15,53.290,55.349,48.760
2013-08-16,53.290,55.326,48.821
2013-08-19,51.830,55.230,48.872
2013-08-20,52.120,55.138,48.918
2013-08-21,51.630,55.031,48.964
2013-08-22,52.210,54.933,49.014
2013-08-23,52.320,54.845,49.061
2013-08-26,51.800,54.742,49.117
2013-08-27,50.600,54.595,49.168
2013-08-28,50.580,54.439,49.218
2013-08-29,50.700,54.250,49.269
2013-08-30,50.530,54.062,49.321
2013-09-03,51.130,53.881,49.381
2013-09-04,51.870,53.721,49.443
2013-09-05,52.110,53.570,49.506
2013-09-06,52.560,53.439,49.566
2013-09-09,52.860,53.333,49.626
2013-09-10,53.670,53.265,49.691
2013-09-11,53.260,53.196,49.752
2013-09-12,52.240,53.080,49.809
2013-09-13,52.590,52.948,49.868
2013-09-16,53.140,52.837,49.930
2013-09-17,53.090,52.736,49.989
2013-09-18,53.410,52.667,50.051
2013-09-19,52.750,52.582,50.110
2013-09-20,52.800,52.514,50.171
2013-09-23,51.460,52.412,50.223
2013-09-24,50.320,52.287,50.267
2013-09-25,51.700,52.200,50.313
2013-09-26,51.890,52.125,50.361
2013-09-27,52.240,52.090,50.409
2013-09-30,51.690,52.037,50.453
2013-10-01,51.960,52.041,50.499
2013-10-02,52.090,52.040,50.545
2013-10-03,51.940,52.050,50.588
2013-10-04,52.670,52.066,50.632
2013-10-07,51.830,52.049,50.673
2013-10-08,50.870,52.018,50.705
2013-10-09,50.750,52.023,50.739
2013-10-10,52.520,52.088,50.782
2013-10-11,52.510,52.148,50.824
2013-10-14,52.710,52.221,50.870
2013-10-15,52.310,52.260,50.915
2013-10-16,54.000,52.331,50.965
2013-10-17,54.210,52.401,51.013
2013-10-18,54.300,52.459,51.062
2013-10-21,54.270,52.506,51.106
2013-10-22,53.620,52.505,51.147
2013-10-23,52.750,52.488,51.184
2013-10-24,52.480,52.496,51.219
2013-10-25,52.770,52.502,51.252
2013-10-28,52.680,52.486,51.284
2013-10-29,52.730,52.474,51.319
2013-10-30,52.600,52.447,51.350
2013-10-31,51.540,52.407,51.374
2013-11-01,52.510,52.397,51.404
2013-11-04,52.040,52.417,51.432
2013-11-05,51.950,52.471,51.459
2013-11-06,52.100,52.484,51.488
2013-11-07,51.650,52.476,51.515
2013-11-08,53.960,52.534,51.549
2013-11-11,54.100,52.614,51.586
2013-11-12,53.970,52.681,51.620
2013-11-13,54.140,52.749,51.655
2013-11-14,54.400,52.831,51.692
2013-11-15,54.870,52.905,51.727
2013-11-18,55.740,53.035,51.767
2013-11-19,56.150,53.211,51.804
2013-11-20,56.100,53.389,51.842
2013-11-21,57.220,53.546,51.887
2013-11-22,57.460,53.711,51.931
2013-11-25,57.650,53.876,51.976
2013-11-26,57.170,54.038,52.016
2013-11-27,57.480,54.154,52.060
2013-11-29,57.220,54.254,52.100
2013-12-02,56.980,54.343,52.140
2013-12-03,56.860,54.430,52.177
2013-12-04,57.190,54.549,52.220
2013-12-05,55.820,54.651,52.258
2013-12-06,56.060,54.770,52.294
2013-12-09,56.510,54.895,52.338
2013-12-10,56.700,55.029,52.383
2013-12-11,56.070,55.140,52.417
2013-12-12,56.310,55.264,52.454
2013-12-13,56.170,55.418,52.491
2013-12-16,56.420,55.549,52.527
2013-12-17,55.720,55.671,52.558
2013-12-18,57.240,55.848,52.594
2013-12-19,57.230,56.019,52.627
2013-12-20,57.700,56.220,52.665
2013-12-23,58.240,56.363,52.704
2013-12-24,58.250,56.501,52.744
2013-12-26,58.200,56.642,52.784
2013-12-27,58.140,56.776,52.819
2013-12-30,57.950,56.894,52.859
2013-12-31,58.480,57.014,52.904
